"Id","IsDeleted","Name","ParentId","Type","Status","StartDate","EndDate","ExpectedRevenue","BudgetedCost","ActualCost","ExpectedResponse","NumberSent","IsActive","Description","NumberOfLeads","NumberOfConvertedLeads","NumberOfContacts","NumberOfResponses","NumberOfOpportunities","NumberOfWonOpportunities","AmountAllOpportunities","AmountWonOpportunities","HierarchyNumberOfLeads","HierarchyNumberOfConvertedLeads","HierarchyNumberOfContacts","HierarchyNumberOfResponses","HierarchyNumberOfOpportunities","HierarchyNumberOfWonOpportunities","HierarchyAmountAllOpportunities","HierarchyAmountWonOpportunities","HierarchyNumberSent","HierarchyExpectedRevenue","HierarchyBudgetedCost","HierarchyActualCost","OwnerId","CreatedDate","CreatedById","LastModifiedDate","LastModifiedById","SystemModstamp","LastActivityDate","CampaignMemberRecordTypeId"
"701gL00000ImrlJQAR","0","GC Product Webinar - Jan 7, 2002","","Webinar","Completed","2025-02-05 00:00:00","2025-02-05 00:00:00","3000000","10000","11400","10","5000","1","","0","0","0","0","0","0","0","0","0","0","0","0","0","0","0","0","5000","3000000","10000","11400","005gL000006eHQ5QAM","2025-08-26 14:10:41","005gL000006eHQ5QAM","2025-08-26 14:10:41","005gL000006eHQ5QAM","2025-08-26 14:10:41","",""
"701gL00000ImrlKQAR","0","User Conference - Jun 17-19, 2002","","Conference","Planned","2025-07-16 00:00:00","2025-07-18 00:00:00","5500000","100000","","15","40000","1","","0","0","0","0","0","0","0","0","0","0","0","0","0","0","0","0","40000","5500000","100000","0","005gL000006eHQ5QAM","2025-08-26 14:10:41","005gL000006eHQ5QAM","2025-08-26 14:10:41","005gL000006eHQ5QAM","2025-08-26 14:10:41","",""
"701gL00000ImrlLQAR","0","DM Campaign to Top Customers - Nov 12-23, 2001","","Direct Mail","Completed","2024-12-11 00:00:00","2024-12-22 00:00:00","2500000","25000","23500","7","15000","1","","0","0","0","0","0","0","0","0","0","0","0","0","0","0","0","0","15000","2500000","25000","23500","005gL000006eHQ5QAM","2025-08-26 14:10:41","005gL000006eHQ5QAM","2025-08-26 14:10:41","005gL000006eHQ5QAM","2025-08-26 14:10:41","",""
"701gL00000ImrlMQAR","0","International Electrical Engineers Association Trade Show - Mar 4-5, 2002","","Trade Show","Planned","2025-04-02 00:00:00","2025-04-03 00:00:00","8500000","50000","","0","0","1","","0","0","0","0","0","0","0","0","0","0","0","0","0","0","0","0","0","8500000","50000","0","005gL000006eHQ5QAM","2025-08-26 14:10:41","005gL000006eHQ5QAM","2025-08-26 14:10:41","005gL000006eHQ5QAM","2025-08-26 14:10:41","",""
