"Id","IsDeleted","MasterRecordId","CaseNumber","ContactId","AccountId","AssetId","ProductId","EntitlementId","SourceId","BusinessHoursId","ParentId","SuppliedName","SuppliedEmail","SuppliedPhone","SuppliedCompany","Type","Status","Reason","Origin","Subject","Priority","Description","IsClosed","ClosedDate","IsEscalated","OwnerId","IsClosedOnCreate","SlaStartDate","SlaExitDate","IsStopped","StopStartDate","CreatedDate","CreatedById","LastModifiedDate","LastModifiedById","SystemModstamp","ServiceContractId","EventsProcessedDate","EngineeringReqNumber__c","SLAViolation__c","Product__c","PotentialLiability__c"
"500gL00000GekmzQAB","0","","00001001","003gL00000AhumFQAR","001gL00000ImrhGQAR","000000000000000AAA","000000000000000AAA","","","01mgL000003MJofQAG","000000000000000AAA","","","","","Electrical","Closed","Performance","Phone","Performance inadequate for second consecutive week","High","","1","2024-07-07 18:59:51","0","005gL000006eHQ5QAM","1","","","0","","2025-08-26 14:10:41","005gL000006eHQ5QAM","2025-08-26 14:10:41","005gL000006eHQ5QAM","2025-08-26 14:10:41","","2027-02-04 17:54:03","767145","Yes","GC1060","Yes"
"500gL00000Gekn0QAB","0","","00001000","003gL00000AhulyQAB","001gL00000ImrhBQAR","000000000000000AAA","000000000000000AAA","","","01mgL000003MJofQAG","000000000000000AAA","","","","","Electrical","Closed","Equipment Complexity","Phone","Starting generator after electrical failure","High","","1","2024-07-07 18:59:51","0","005gL000006eHQ5QAM","1","","","0","","2025-08-26 14:10:41","005gL000006eHQ5QAM","2025-08-26 14:10:41","005gL000006eHQ5QAM","2025-08-26 14:10:41","","","765876","No","GC5040","No"
"500gL00000Gekn1QAB","0","","00001002","003gL00000Ahum5QAB","001gL00000ImrhGQAR","000000000000000AAA","000000000000000AAA","","","01mgL000003MJofQAG","000000000000000AAA","","","","","Electrical","New","Installation","Web","Seeking guidance on electrical wiring installation for GC5060","Low","","0","","0","005gL000006eHQ5QAM","0","","","0","","2025-08-26 14:10:41","005gL000006eHQ5QAM","2025-08-26 14:10:41","005gL000006eHQ5QAM","2025-08-26 14:10:41","","","","No","GC3060","No"
"500gL00000Gekn2QAB","0","","00001003","003gL00000Ahum7QAB","001gL00000ImrhHQAR","000000000000000AAA","000000000000000AAA","","","01mgL000003MJofQAG","000000000000000AAA","","","","","Other","Closed","Installation","Web","Easy installation process","Low","","1","2024-07-07 18:59:51","0","005gL000006eHQ5QAM","1","","","0","","2025-08-26 14:10:41","005gL000006eHQ5QAM","2025-08-26 14:10:41","005gL000006eHQ5QAM","2025-08-26 14:10:41","","","","No","GC1020","No"
"500gL00000Gekn3QAB","0","","00001004","003gL00000Ahum7QAB","001gL00000ImrhHQAR","000000000000000AAA","000000000000000AAA","","","01mgL000003MJofQAG","000000000000000AAA","","","","","Other","Closed","Other","Phone","Maintenance guidelines for generator unclear","Medium","","1","2024-07-07 18:59:51","0","005gL000006eHQ5QAM","1","","","0","","2025-08-26 14:10:41","005gL000006eHQ5QAM","2025-08-26 14:10:41","005gL000006eHQ5QAM","2025-08-26 14:10:41","","","784532","No","GC5020","No"
"500gL00000Gekn4QAB","0","","00001005","003gL00000Ahum8QAB","001gL00000ImrhHQAR","000000000000000AAA","000000000000000AAA","","","01mgL000003MJofQAG","000000000000000AAA","","","","","Electrical","Closed","Performance","Phone","Electrical circuit malfunctioning","Medium","","1","2024-07-07 18:59:51","0","005gL000006eHQ5QAM","1","","","0","","2025-08-26 14:10:41","005gL000006eHQ5QAM","2025-08-26 14:10:41","005gL000006eHQ5QAM","2025-08-26 14:10:41","","","653780","No","GC1060","Yes"
"500gL00000Gekn5QAB","0","","00001006","003gL00000AhumEQAR","001gL00000ImrhLQAR","000000000000000AAA","000000000000000AAA","","","01mgL000003MJofQAG","000000000000000AAA","","","","","Other","Closed","Feedback","Phone","Generator assembly instructions unclear","Low","","1","2024-07-07 18:59:51","0","005gL000006eHQ5QAM","1","","","0","","2025-08-26 14:10:41","005gL000006eHQ5QAM","2025-08-26 14:10:41","005gL000006eHQ5QAM","2025-08-26 14:10:41","","","253574","No","GC1020","No"
"500gL00000Gekn6QAB","0","","00001007","003gL00000Ahum3QAB","001gL00000ImrhFQAR","000000000000000AAA","000000000000000AAA","","","01mgL000003MJofQAG","000000000000000AAA","","","","","Structural","Closed","Breakdown","Phone","Structural breakdown of rotor assembly","Medium","","1","2024-07-07 18:59:51","0","005gL000006eHQ5QAM","1","","","0","","2025-08-26 14:10:41","005gL000006eHQ5QAM","2025-08-26 14:10:41","005gL000006eHQ5QAM","2025-08-26 14:10:41","","","835735","No","GC1040","No"
"500gL00000Gekn7QAB","0","","00001008","003gL00000Ahum3QAB","001gL00000ImrhFQAR","000000000000000AAA","000000000000000AAA","","","01mgL000003MJofQAG","000000000000000AAA","","","","","Other","Closed","Feedback","Web","Customer service for portable generators needs beefing up","Low","","1","2024-07-07 18:59:51","0","005gL000006eHQ5QAM","1","","","0","","2025-08-26 14:10:41","005gL000006eHQ5QAM","2025-08-26 14:10:41","005gL000006eHQ5QAM","2025-08-26 14:10:41","","","","No","GC1020","No"
"500gL00000Gekn8QAB","0","","00001009","003gL00000AhumBQAR","001gL00000ImrhJQAR","000000000000000AAA","000000000000000AAA","","","01mgL000003MJofQAG","000000000000000AAA","","","","","Mechanical","Closed","Other","Phone","Mechanical maintenance guidelines for generator misleading","Medium","","1","2024-07-07 18:59:51","0","005gL000006eHQ5QAM","1","","","0","","2025-08-26 14:10:41","005gL000006eHQ5QAM","2025-08-26 14:10:41","005gL000006eHQ5QAM","2025-08-26 14:10:41","","","365782","No","GC3040","Yes"
"500gL00000Gekn9QAB","0","","00001010","003gL00000AhumCQAR","001gL00000ImrhKQAR","000000000000000AAA","000000000000000AAA","","","01mgL000003MJofQAG","000000000000000AAA","","","","","Other","Closed","Feedback","Web","Maintenance guidelines for generator unclear","Low","","1","2024-07-07 18:59:51","0","005gL000006eHQ5QAM","1","","","0","","2025-08-26 14:10:41","005gL000006eHQ5QAM","2025-08-26 14:10:41","005gL000006eHQ5QAM","2025-08-26 14:10:41","","","658733","No","GC1060","No"
"500gL00000GeknAQAR","0","","00001011","003gL00000AhumDQAR","001gL00000ImrhKQAR","000000000000000AAA","000000000000000AAA","","","01mgL000003MJofQAG","000000000000000AAA","","","","","Electronic","Closed","Equipment Design","Web","Electronic panel fitting loose","Medium","","1","2024-07-07 18:59:51","0","005gL000006eHQ5QAM","1","","","0","","2025-08-26 14:10:41","005gL000006eHQ5QAM","2025-08-26 14:10:41","005gL000006eHQ5QAM","2025-08-26 14:10:41","","","965884","No","GC3020","No"
"500gL00000GeknBQAR","0","","00001012","003gL00000Ahum9QAB","001gL00000ImrhIQAR","000000000000000AAA","000000000000000AAA","","","01mgL000003MJofQAG","000000000000000AAA","","","","","Electrical","Closed","Breakdown","Web","Repeated motor breakdown while shutting off","Medium","","1","2024-07-07 18:59:51","0","005gL000006eHQ5QAM","1","","","0","","2025-08-26 14:10:41","005gL000006eHQ5QAM","2025-08-26 14:10:41","005gL000006eHQ5QAM","2025-08-26 14:10:41","","","347209","Yes","GC1020","Yes"
"500gL00000GeknCQAR","0","","00001013","003gL00000Ahum4QAB","001gL00000ImrhFQAR","000000000000000AAA","000000000000000AAA","","","01mgL000003MJofQAG","000000000000000AAA","","","","","Other","Closed","Equipment Design","Web","Starting up generator consumes excessive power","Medium","","1","2024-07-07 18:59:51","0","005gL000006eHQ5QAM","1","","","0","","2025-08-26 14:10:41","005gL000006eHQ5QAM","2025-08-26 14:10:41","005gL000006eHQ5QAM","2025-08-26 14:10:41","","","654623","No","GC5020","No"
"500gL00000GeknDQAR","0","","00001014","003gL00000Ahum4QAB","001gL00000ImrhFQAR","000000000000000AAA","000000000000000AAA","","","01mgL000003MJofQAG","000000000000000AAA","","","","","Other","Closed","Installation","Phone","Delay in installation; spare parts unavailable","High","","1","2024-07-07 18:59:51","0","005gL000006eHQ5QAM","1","","","0","","2025-08-26 14:10:41","005gL000006eHQ5QAM","2025-08-26 14:10:41","005gL000006eHQ5QAM","2025-08-26 14:10:41","","","","No","GC3020","Yes"
"500gL00000GeknEQAR","0","","00001015","003gL00000AhumDQAR","001gL00000ImrhKQAR","000000000000000AAA","000000000000000AAA","","","01mgL000003MJofQAG","000000000000000AAA","","","","","Mechanical","Closed","Breakdown","Web","Frequent mechanical breakdown","Medium","","1","2024-07-07 18:59:51","0","005gL000006eHQ5QAM","1","","","0","","2025-08-26 14:10:41","005gL000006eHQ5QAM","2025-08-26 14:10:41","005gL000006eHQ5QAM","2025-08-26 14:10:41","","","354982","No","GC3060","Yes"
"500gL00000GeknFQAR","0","","00001016","003gL00000AhumEQAR","001gL00000ImrhLQAR","000000000000000AAA","000000000000000AAA","","","01mgL000003MJofQAG","000000000000000AAA","","","","","Other","New","Feedback","Web","Maintenance guidelines for generator unclear","Low","","0","","0","005gL000006eHQ5QAM","0","","","0","","2025-08-26 14:10:41","005gL000006eHQ5QAM","2025-08-26 14:10:41","005gL000006eHQ5QAM","2025-08-26 14:10:41","","","651375","No","GC5020","No"
"500gL00000GeknGQAR","0","","00001017","003gL00000AhulzQAB","001gL00000ImrhBQAR","000000000000000AAA","000000000000000AAA","","","01mgL000003MJofQAG","000000000000000AAA","","","","","Mechanical","Closed","Equipment Complexity","Web","Shutting down of generator","Medium","","1","2024-07-07 18:59:51","0","005gL000006eHQ5QAM","1","","","0","","2025-08-26 14:10:41","005gL000006eHQ5QAM","2025-08-26 14:10:41","005gL000006eHQ5QAM","2025-08-26 14:10:41","","","736734","No","GC1040","No"
"500gL00000GeknHQAR","0","","00001018","003gL00000AhulzQAB","001gL00000ImrhBQAR","000000000000000AAA","000000000000000AAA","","","01mgL000003MJofQAG","000000000000000AAA","","","","","Electrical","Closed","Equipment Complexity","Phone","Cannot start generator after electrical failure","Medium","","1","2024-07-07 18:59:51","0","005gL000006eHQ5QAM","1","","","0","","2025-08-26 14:10:41","005gL000006eHQ5QAM","2025-08-26 14:10:41","005gL000006eHQ5QAM","2025-08-26 14:10:41","","","526714","No","GC1040","No"
"500gL00000GeknIQAR","0","","00001019","003gL00000Ahum0QAB","001gL00000ImrhCQAR","000000000000000AAA","000000000000000AAA","","","01mgL000003MJofQAG","000000000000000AAA","","","","","Structural","Closed","Equipment Design","Web","Structural failure of generator base","High","","1","2024-07-07 18:59:51","0","005gL000006eHQ5QAM","1","","","0","","2025-08-26 14:10:41","005gL000006eHQ5QAM","2025-08-26 14:10:41","005gL000006eHQ5QAM","2025-08-26 14:10:41","","","636265","No","GC5060","Yes"
"500gL00000GeknJQAR","0","","00001020","003gL00000Ahum0QAB","001gL00000ImrhCQAR","000000000000000AAA","000000000000000AAA","","","01mgL000003MJofQAG","000000000000000AAA","","","","","Electrical","Closed","Performance","Phone","Power generation below stated level","Medium","","1","2024-07-07 18:59:51","0","005gL000006eHQ5QAM","1","","","0","","2025-08-26 14:10:41","005gL000006eHQ5QAM","2025-08-26 14:10:41","005gL000006eHQ5QAM","2025-08-26 14:10:41","","","237645","No","GC3060","Yes"
"500gL00000GeknKQAR","0","","00001021","003gL00000Ahum5QAB","001gL00000ImrhGQAR","000000000000000AAA","000000000000000AAA","","","01mgL000003MJofQAG","000000000000000AAA","","","","","Structural","Closed","Installation","Phone","Generator GC3060 platform structure is weakening","High","","1","2024-07-07 18:59:51","0","005gL000006eHQ5QAM","1","","","0","","2025-08-26 14:10:41","005gL000006eHQ5QAM","2025-08-26 14:10:41","005gL000006eHQ5QAM","2025-08-26 14:10:41","","","435143","","GC3060","Yes"
"500gL00000GeknLQAR","0","","00001022","003gL00000Ahum5QAB","001gL00000ImrhGQAR","000000000000000AAA","000000000000000AAA","","","01mgL000003MJofQAG","000000000000000AAA","","","","","Electronic","Closed","Performance","Web","Signal panel on GC5060 blinks intermittently","Medium","","1","2024-07-07 18:59:51","0","005gL000006eHQ5QAM","1","","","0","","2025-08-26 14:10:41","005gL000006eHQ5QAM","2025-08-26 14:10:41","005gL000006eHQ5QAM","2025-08-26 14:10:41","","","456345","No","GC5060","No"
"500gL00000GeknMQAR","0","","00001023","003gL00000Ahum5QAB","001gL00000ImrhGQAR","000000000000000AAA","000000000000000AAA","","","01mgL000003MJofQAG","000000000000000AAA","","","","","Electrical","Closed","Other","Phone","Electric surge damaging adjacent equipment","High","","1","2024-07-07 18:59:51","0","005gL000006eHQ5QAM","1","","","0","","2025-08-26 14:10:41","005gL000006eHQ5QAM","2025-08-26 14:10:41","005gL000006eHQ5QAM","2025-08-26 14:10:41","","","265794","No","GC5060","No"
"500gL00000GeknNQAR","0","","00001024","003gL00000Ahum6QAB","001gL00000ImrhGQAR","000000000000000AAA","000000000000000AAA","","","01mgL000003MJofQAG","000000000000000AAA","","","","","Mechanical","New","Equipment Design","Web","Design issue with mechanical rotor","Low","","0","","0","005gL000006eHQ5QAM","0","","","0","","2025-08-26 14:10:41","005gL000006eHQ5QAM","2025-08-26 14:10:41","005gL000006eHQ5QAM","2025-08-26 14:10:41","","","868314","No","GC3040","No"
"500gL00000GeknOQAR","0","","00001025","003gL00000Ahum6QAB","001gL00000ImrhGQAR","000000000000000AAA","000000000000000AAA","","","01mgL000003MJofQAG","000000000000000AAA","","","","","Electrical","Closed","Equipment Design","Phone","Motor design hindering performance","Medium","","1","2024-07-07 18:59:51","0","005gL000006eHQ5QAM","1","","","0","","2025-08-26 14:10:41","005gL000006eHQ5QAM","2025-08-26 14:10:41","005gL000006eHQ5QAM","2025-08-26 14:10:41","","","572546","No","GC5040","No"
