"Id","IsDeleted","MasterRecordId","AccountId","Salutation","FirstName","LastName","OtherStreet","OtherCity","OtherState","OtherPostalCode","OtherCountry","OtherStateCode","OtherCountryCode","OtherLatitude","OtherLongitude","OtherGeocodeAccuracy","MailingStreet","MailingCity","MailingState","MailingPostalCode","MailingCountry","MailingStateCode","MailingCountryCode","MailingLatitude","MailingLongitude","MailingGeocodeAccuracy","Phone","Fax","MobilePhone","HomePhone","OtherPhone","AssistantPhone","ReportsToId","Email","Title","Department","AssistantName","LeadSource","Birthdate","Description","OwnerId","HasOptedOutOfEmail","HasOptedOutOfFax","DoNotCall","CreatedDate","CreatedById","LastModifiedDate","LastModifiedById","SystemModstamp","LastActivityDate","LastCURequestDate","LastCUUpdateDate","EmailBouncedReason","EmailBouncedDate","Jigsaw","JigsawContactId","CleanStatus","IndividualId","Pronouns","GenderIdentity","ContactSource","BuyerAttributes","Level__c","Languages__c"
"003gL00000AhulyQAB","0","","001gL00000ImrhBQAR","Ms.","Rose","Gonzalez","","","","","","","","","","","313 Constitution Place Austin, TX 78767 USA","","","","","","","","","","(512) 757-6000","(512) 757-9000","(512) 757-9340","","","","","rose@edge.com","SVP, Procurement","Procurement","","Trade Show","1973-08-07 00:00:00","","005gL000006eHQ5QAM","0","0","0","2025-08-26 14:10:41","005gL000006eHQ5QAM","2025-08-26 14:10:41","005gL000006eHQ5QAM","2025-08-26 14:10:41","","","","","","","","Pending","","","","","","Primary","English"
"003gL00000AhulzQAB","0","","001gL00000ImrhBQAR","Mr.","Sean","Forbes","","","","","","","","","","","312 Constitution Place Austin, TX 78767 USA","","","","","","","","","","(512) 757-6000","(512) 757-9000","(512) 757-4561","","","","","sean@edge.com","CFO","Finance","","Trade Show","1952-05-05 00:00:00","","005gL000006eHQ5QAM","0","0","0","2025-08-26 14:10:41","005gL000006eHQ5QAM","2025-08-26 14:10:41","005gL000006eHQ5QAM","2025-08-26 14:10:41","","","","","","","","Pending","","","","","","Secondary","English"
"003gL00000Ahum0QAB","0","","001gL00000ImrhCQAR","Mr.","Jack","Rogers","","","","","","","","","","","525 S. Lexington Ave","Burlington","NC","27215","USA","NC","US","","","","(336) 222-7000","(336) 222-8000","","","","","","jrogers@burlington.com","VP, Facilities","","","Web","","","005gL000006eHQ5QAM","0","0","0","2025-08-26 14:10:41","005gL000006eHQ5QAM","2025-08-26 14:10:41","005gL000006eHQ5QAM","2025-08-26 14:10:41","","","","","","","","Pending","","","","","","",""
"003gL00000Ahum1QAB","0","","001gL00000ImrhDQAR","Ms.","Pat","Stumuller","2 Place Jussieu","Paris","","75251","France","","FR","","","","2 Place Jussieu","Paris","","75251","France","","FR","","","","(014) 427-4427","(014) 427-4428","(014) 454-6364","","","(014) 427-4465","","pat@pyramid.net","SVP, Administration and Finance","Finance","Jean Marie","","","","005gL000006eHQ5QAM","0","0","0","2025-08-26 14:10:41","005gL000006eHQ5QAM","2025-08-26 14:10:41","005gL000006eHQ5QAM","2025-08-26 14:10:41","","","","","","","","Pending","","","","","","Primary","French, English"
"003gL00000Ahum2QAB","0","","001gL00000ImrhEQAR","Mr","Andy","Young","1301 Hoch Drive","Lawrence","KS","66045","USA","KS","US","","","","1301 Hoch Drive","Lawrence","KS","66045","USA","KS","US","","","","(785) 241-6200","","(785) 265-5350","","","","","a_young@dickenson.com","SVP, Operations","Internal Operations","","Purchased List","","","005gL000006eHQ5QAM","0","0","0","2025-08-26 14:10:41","005gL000006eHQ5QAM","2025-08-26 14:10:41","005gL000006eHQ5QAM","2025-08-26 14:10:41","","","","","","","","Pending","","","","","","Primary","English"
"003gL00000Ahum3QAB","0","","001gL00000ImrhFQAR","Mr.","Tim","Barr","","","","","","","","","","","2335 N. Michigan Avenue, Suite 1500 Chicago, IL 60601, USA","","","","","","","","","","(312) 596-1000","(312) 596-1500","(312) 596-1230","","","","","barr_tim@grandhotels.com","SVP, Administration and Finance","Finance","","External Referral","1959-04-03 00:00:00","","005gL000006eHQ5QAM","0","0","0","2025-08-26 14:10:41","005gL000006eHQ5QAM","2025-08-26 14:10:41","005gL000006eHQ5QAM","2025-08-26 14:10:41","","","","","","","","Pending","","","","","","Secondary","English"
"003gL00000Ahum4QAB","0","","001gL00000ImrhFQAR","Mr.","John","Bond","","","","","","","","","","","2334 N. Michigan Avenue, Suite 1500 Chicago, IL 60601, USA","","","","","","","","","","(312) 596-1000","(312) 596-1500","(312) 596-1563","","","","","bond_john@grandhotels.com","VP, Facilities","Facilities","","External Referral","1961-06-14 00:00:00","","005gL000006eHQ5QAM","0","0","0","2025-08-26 14:10:41","005gL000006eHQ5QAM","2025-08-26 14:10:41","005gL000006eHQ5QAM","2025-08-26 14:10:41","","","","","","","","Pending","","","","","","Primary","English"
"003gL00000Ahum5QAB","0","","001gL00000ImrhGQAR","Ms.","Stella","Pavlova","","","","","","","","","","","1303 Avenue of the Americas  New York, NY 10019 USA","","","","","","","","","","(212) 842-5500","(212) 842-5501","(212) 842-5501","","(212) 842-5543","(212) 842-5589","","spavlova@uog.com","SVP, Production","Production","Audrey Haynes","Public Relations","1948-11-28 00:00:00","","005gL000006eHQ5QAM","0","0","0","2025-08-26 14:10:41","005gL000006eHQ5QAM","2025-08-26 14:10:41","005gL000006eHQ5QAM","2025-08-26 14:10:41","","","","","","","","Pending","","","","","","Tertiary","English"
"003gL00000Ahum6QAB","0","","001gL00000ImrhGQAR","Ms.","Lauren","Boyle","","","","","","","","","","","1304 Avenue of the Americas  New York, NY 10019 USA","","","","","","","","","","(212) 842-5500","(212) 842-5501","(212) 842-5611","","","","","lboyle@uog.com","SVP, Technology","Technology","","Public Relations","1966-01-11 00:00:00","","005gL000006eHQ5QAM","0","0","0","2025-08-26 14:10:41","005gL000006eHQ5QAM","2025-08-26 14:10:41","005gL000006eHQ5QAM","2025-08-26 14:10:41","","","","","","","","Pending","","","","","","Secondary","English"
"003gL00000Ahum7QAB","0","","001gL00000ImrhHQAR","Ms.","Babara","Levy","","","","","","","","","","","620 SW 5th Avenue Suite 400 Portland, Oregon 97204 United States","","","","","","","","","","(503) 421-7800","(503) 421-7801","(503) 421-5451","","","(503) 421-6782","","b.levy@expressl&t.net","SVP, Operations","Operations","Ron Sage","Word of mouth","1942-07-15 00:00:00","","005gL000006eHQ5QAM","0","0","0","2025-08-26 14:10:41","005gL000006eHQ5QAM","2025-08-26 14:10:41","005gL000006eHQ5QAM","2025-08-26 14:10:41","","","","","","","","Pending","","","","","","Primary","English"
"003gL00000Ahum8QAB","0","","001gL00000ImrhHQAR","Mr.","Josh","Davis","","","","","","","","","","","621 SW 5th Avenue Suite 400 Portland, Oregon 97204 United States","","","","","","","","","","(503) 421-7800","(503) 421-7801","(503) 421-4387","","","","","j.davis@expressl&t.net","Director, Warehouse Mgmt","Warehouse Mgmt","","Word of mouth","1953-11-08 00:00:00","","005gL000006eHQ5QAM","0","0","0","2025-08-26 14:10:41","005gL000006eHQ5QAM","2025-08-26 14:10:41","005gL000006eHQ5QAM","2025-08-26 14:10:41","","","","","","","","Pending","","","","","","Secondary","English"
"003gL00000Ahum9QAB","0","","001gL00000ImrhIQAR","Ms.","Jane","Grey","","","","","","","","","","","888 N Euclid  Hallis Center, Room 501 Tucson, AZ 85721 United States","","","","","","","","","","(520) 773-9050","(520) 773-9060","(520) 773-4539","","","","","jane_gray@uoa.edu","Dean of Administration","Administration","","Word of mouth","1949-09-25 00:00:00","","005gL000006eHQ5QAM","0","0","0","2025-08-26 14:10:41","005gL000006eHQ5QAM","2025-08-26 14:10:41","005gL000006eHQ5QAM","2025-08-26 14:10:41","","","","","","","","Pending","","","","","","Primary","English"
"003gL00000AhumAQAR","0","","001gL00000ImrhGQAR","Mr.","Arthur","Song","","","","","","","","","","","1301 Avenue of the Americas  New York, NY 10019 USA","","","","","","","","","","(212) 842-5500","(212) 842-5501","(212) 842-4535","","","(212) 842-5464","","asong@uog.com","CEO","Executive Team","Pat Feinstein","Public Relations","1957-03-26 00:00:00","","005gL000006eHQ5QAM","0","0","0","2025-08-26 14:10:41","005gL000006eHQ5QAM","2025-08-26 14:10:41","005gL000006eHQ5QAM","2025-08-26 14:10:41","","","","","","","","Pending","","","","","","Secondary","English"
"003gL00000AhumBQAR","0","","001gL00000ImrhJQAR","Ms.","Ashley","James","","","","","","","","","","","Kings Park, 17th Avenue, Team Valley Trading Estate, Gateshead, Tyne and Wear NE26 3HS United Kingdom","","","","","","","","","","+44 191 4956203","+44 191 4956620","+44 191 3456234","","","","","ajames@uog.com","VP, Finance","Finance","","Public Relations","1951-12-04 00:00:00","","005gL000006eHQ5QAM","0","0","0","2025-08-26 14:10:41","005gL000006eHQ5QAM","2025-08-26 14:10:41","005gL000006eHQ5QAM","2025-08-26 14:10:41","","","","","","","","Pending","","","","","","Primary","English"
"003gL00000AhumCQAR","0","","001gL00000ImrhKQAR","Mr.","Tom","Ripley","","","","","","","","","","","9 Tagore Lane Singapore, Singapore 787472 Singapore","","","","","","","","","","(650) 450-8810","(650) 450-8820","(650) 345-7636","","","","","tripley@uog.com","Regional General Manager","Executive Team","","Public Relations","1956-01-31 00:00:00","","005gL000006eHQ5QAM","0","0","0","2025-08-26 14:10:41","005gL000006eHQ5QAM","2025-08-26 14:10:41","005gL000006eHQ5QAM","2025-08-26 14:10:41","","","","","","","","Pending","","","","","","Primary","English"
"003gL00000AhumDQAR","0","","001gL00000ImrhKQAR","Ms.","Liz","D'Cruz","","","","","","","","","","","10 Tagore Lane Singapore, Singapore 787472 Singapore","","","","","","","","","","(650) 450-8810","(650) 450-8820","(650) 345-6637","","","","","ldcruz@uog.com","VP, Production","Production","","Public Relations","1967-05-13 00:00:00","","005gL000006eHQ5QAM","0","0","0","2025-08-26 14:10:41","005gL000006eHQ5QAM","2025-08-26 14:10:41","005gL000006eHQ5QAM","2025-08-26 14:10:41","","","","","","","","Pending","","","","","","Secondary","English"
"003gL00000AhumEQAR","0","","001gL00000ImrhLQAR","Ms.","Edna","Frank","","","","","","","","","","","345 Shoreline Park Mountain View, CA 94043 USA","","","","","","","","","","(650) 867-3450","(650) 867-9895","(650) 867-7686","","","","","efrank@genepoint.com","VP, Technology","Technology","","Partner","1947-10-18 00:00:00","","005gL000006eHQ5QAM","0","0","0","2025-08-26 14:10:41","005gL000006eHQ5QAM","2025-08-26 14:10:41","005gL000006eHQ5QAM","2025-08-26 14:10:41","","","","","","","","Pending","","","","","","Primary","English"
"003gL00000AhumFQAR","0","","001gL00000ImrhGQAR","Mr.","Avi","Green","","","","","","","","","","","1302 Avenue of the Americas  New York, NY 10019 USA","","","","","","","","","","(212) 842-5500","(212) 842-5501","(212) 842-2383","","","(212) 842-5428","","agreen@uog.com","CFO","Finance","Chris Nobel","Public Relations","1939-03-07 00:00:00","","005gL000006eHQ5QAM","0","0","0","2025-08-26 14:10:41","005gL000006eHQ5QAM","2025-08-26 14:10:41","005gL000006eHQ5QAM","2025-08-26 14:10:41","","","","","","","","Pending","","","","","","Primary","English"
"003gL00000AhumGQAR","0","","001gL00000ImrhMQAR","Ms.","Siddartha","Nedaerk","","","","","","","","","","","The Landmark @ One Market","San Francisco","CA","94087","US","CA","US","","","","","","","","","","","","","","","","","","005gL000006eHQ5QAM","0","0","0","2025-08-26 14:10:41","005gL000006eHQ5QAM","2025-08-26 14:10:41","005gL000006eHQ5QAM","2025-08-26 14:10:41","","","","","","","","Pending","","","","","","",""
"003gL00000AhumHQAR","0","","001gL00000ImrhMQAR","Mr.","Jake","Llorrac","","","","","","","","","","","","","","","","","","","","","","","","","","","","","","","","","","","005gL000006eHQ5QAM","0","0","0","2025-08-26 14:10:41","005gL000006eHQ5QAM","2025-08-26 14:10:41","005gL000006eHQ5QAM","2025-08-26 14:10:41","","","","","","","","Pending","","","","","","",""
