"Id","OwnerId","IsDeleted","Name","CreatedDate","CreatedById","LastModifiedDate","LastModifiedById","SystemModstamp","DefinitionId","FlowDefinition","AssociatedRecordId","Description","SegmentId","Type","ProgressStatus","ScheduledStartDate","ErrorCode","ErrorDetails","FlowCategory","FlowSubcategory","IsPaused","FlowType","NamespacePrefix","ManageableState","ActiveVersionId","IsCitizenEnabled","FlowLabel","ApiName","InstalledPackageName","CapacityCategory","ActivationId"
"2aFgL000004R1k5UAC","005gL000006eHd0QAE","0","Inbound New Appointment","2025-08-26 14:10:41","005gL000006eHd0QAE","2025-08-26 14:15:12","005gL000006eHd0QAE","2025-08-26 14:15:12","","","","","","","InProgress","","","","","","0","SchedulerApptsScrn","runtime_appointmentbooking","installed","","0","Inbound New Appointment","In_New","","",""
"2aFgL000004R1k6UAC","005gL000006eHd0QAE","0","Reassign Multiple Service Appointments","2025-08-26 14:10:41","005gL000006eHd0QAE","2025-08-26 14:15:12","005gL000006eHd0QAE","2025-08-26 14:15:12","","","","Reassign multiple service appointments of an unavailable service resource to other available service resources.","","","InProgress","","","","","","0","SchedulerApptsScrn","runtime_appointmentbooking","installed","","0","Reassign Multiple Service Appointments","Rasgn_Appt","","",""
"2aFgL000004R1k7UAC","005gL000006eHd0QAE","0","CMS: Submit Content for Review","2025-08-26 14:10:41","005gL000006eHd0QAE","2025-08-26 14:10:41","005gL000006eHd0QAE","2025-08-26 14:10:41","","","","Allows a content author to conditionally view a reviewer's feedback, provide revision comments, and submit a content variant for review.","","","InProgress","","","","","","0","Screen","cms_orch","installed","","0","CMS: Submit Content for Review","CMS_ReviseContent","","",""
"2aFgL000004R1k8UAC","005gL000006eHd0QAE","0","Outbound New Appointment","2025-08-26 14:10:41","005gL000006eHd0QAE","2025-08-26 14:15:12","005gL000006eHd0QAE","2025-08-26 14:15:12","","","","","","","InProgress","","","","","","0","SchedulerApptsScrn","runtime_appointmentbooking","installed","","0","Outbound New Appointment","Flow","","",""
"2aFgL000004R1k9UAC","005gL000006eHd0QAE","0","Reship Order Flow","2025-08-26 14:10:41","005gL000006eHd0QAE","2025-08-26 14:15:12","005gL000006eHd0QAE","2025-08-26 14:15:12","","","","Order Management: Reship order items after fulfillment.","","","Draft","","","","","","0","Screen","runtime_commerce_rs","installed","","0","Reship Order Flow","Reship_FO","","",""
"2aFgL000004R1kAUAS","005gL000006eHd0QAE","0","Create Order Summary Flow","2025-08-26 14:10:41","005gL000006eHd0QAE","2025-08-26 14:15:12","005gL000006eHd0QAE","2025-08-26 14:15:12","","","","Order Management: Create an Order Summary record from an order.","","RecordAfterSave","Draft","","","","","","0","RecTrigAfterSave","runtime_commerce_oms","installed","","0","Create Order Summary Flow","Create_OS","","",""
"2aFgL000004R1kBUAS","005gL000006eHd0QAE","0","CMS: Withdraw Review Request","2025-08-26 14:10:41","005gL000006eHd0QAE","2025-08-26 14:10:41","005gL000006eHd0QAE","2025-08-26 14:10:41","","","","Allows a content author to withdraw a review request in order to make changes to the underlying content variant.","","","InProgress","","","","","","0","Screen","cms_orch","installed","","0","CMS: Withdraw Review Request","CMS_WithdrawReviewRequest","","",""
"2aFgL000004R1kCUAS","005gL000006eHd0QAE","0","CMS: Review Content","2025-08-26 14:10:41","005gL000006eHd0QAE","2025-08-26 14:10:41","005gL000006eHd0QAE","2025-08-26 14:10:41","","","","Allows a content manager to conditionally view a content author's feedback, provide revision comments, and approve or request revisions of a content variant.","","","InProgress","","","","","","0","Screen","cms_orch","installed","","0","CMS: Review Content","CMS_ReviewContent","","",""
"2aFgL000004R1kDUAS","005gL000006eHd0QAE","0","Create a Case","2025-08-26 14:10:41","005gL000006eHd0QAE","2025-08-26 14:15:12","005gL000006eHd0QAE","2025-08-26 14:15:12","","","","","","","InProgress","","","","","","0","Screen","setup_service_experience","installed","","0","Create a Case","Create_Case","","",""
"2aFgL000004R1kEUAS","005gL000006eHd0QAE","0","Generate Appointment Invitation","2025-08-26 14:10:41","005gL000006eHd0QAE","2025-08-26 14:15:12","005gL000006eHd0QAE","2025-08-26 14:15:12","","","","Creates an appointment invitation for internal or credentialed external users that can be shared with anyone.","","","InProgress","","","","","","0","SchedulerApptsScrn","runtime_appointmentbooking","installed","","0","Generate Appointment Invitation","Inv_Gen","","",""
"2aFgL000004R1kFUAS","005gL000006eHd0QAE","0","Outbound Modify Appointment","2025-08-26 14:10:41","005gL000006eHd0QAE","2025-08-26 14:15:12","005gL000006eHd0QAE","2025-08-26 14:15:12","","","","","","","InProgress","","","","","","0","SchedulerApptsScrn","runtime_appointmentbooking","installed","","0","Outbound Modify Appointment","Out_Modify","","",""
"2aFgL000004R1kGUAS","005gL000006eHd0QAE","0","Basic Approval Request","2025-08-26 14:10:41","005gL000006eHd0QAE","2025-08-26 14:10:41","005gL000006eHd0QAE","2025-08-26 14:10:41","","","","Allows a content author to submit a content variant for content manager review, and allows for content variant revisions before the content manager approves for publication.","","","InProgress","","","","","","0","CmsOrchAutolnch","cms_orch","installed","","0","Basic Approval Request","CMS_BasicApprovalRequest","","",""
"2aFgL000004R1kHUAS","005gL000006eHd0QAE","0","Send Appointment Invitation to Actionable List Members","2025-08-26 14:10:41","005gL000006eHd0QAE","2025-08-26 14:15:13","005gL000006eHd0QAE","2025-08-26 14:15:13","","","","Creates an appointment invitation for internal and credentialed external users, and sends that invitation to the selected members of the actionable list.","","","InProgress","","","","","","0","SchedulerApptsScrn","runtime_appointmentbooking","installed","","0","Send Appointment Invitation to Actionable List Members","send_Invt","","",""
"2aFgL000004R1kIUAS","005gL000006eHd0QAE","0","Modify Guest Service Appointment","2025-08-26 14:10:41","005gL000006eHd0QAE","2025-08-26 14:15:13","005gL000006eHd0QAE","2025-08-26 14:15:13","","","","Modifies or cancels a service appointment for an unauthenticated user.","","","InProgress","","","","","","0","SchedulerApptsScrn","runtime_appointmentbooking","installed","","0","Modify Guest Service Appointment","ModGstAppt","","",""
"2aFgL000004R1kJUAS","005gL000006eHd0QAE","0","Create Process Exception Flow","2025-08-26 14:10:41","005gL000006eHd0QAE","2025-08-26 14:15:13","005gL000006eHd0QAE","2025-08-26 14:15:13","","","","Create a process exception record from a process exception event.","","PlatformEvent","Draft","","","","","","0","PfrmEvntTrig","runtime_commerce_oms","installed","","0","Create Process Exception Flow","Create_PE","","",""
"2aFgL000004R1kKUAS","005gL000006eHd0QAE","0","Find Contact Associated with Messaging Session","2025-08-26 14:10:41","005gL000006eHd0QAE","2025-08-26 14:15:13","005gL000006eHd0QAE","2025-08-26 14:15:13","","","","Gets a contact record associated with the messaging user from a specified messaging session.","","","InProgress","","","","","","0","IndividualObjLinkingScrn","setup_service_folmessaging","installed","","0","Find Contact Associated with Messaging Session","MSContact","","",""
"2aFgL000004R1kLUAS","005gL000006eHd0QAE","0","CMS: Check Whether Any Step is Completed","2025-08-26 14:10:41","005gL000006eHd0QAE","2025-08-26 14:10:41","005gL000006eHd0QAE","2025-08-26 14:10:41","","","","Determines whether either of two specified steps in a stage has completed.","","","InProgress","","","","","","0","EvaluationAutolnch","cms_orch","installed","","0","CMS: Check Whether Any Step is Completed","CMS_EvalApprovalStepStatus","","",""
"2aFgL000004R1kMUAS","005gL000006eHd0QAE","0","Inbound New Guest Appointment","2025-08-26 14:10:41","005gL000006eHd0QAE","2025-08-26 14:15:13","005gL000006eHd0QAE","2025-08-26 14:15:13","","","","","","","InProgress","","","","","","0","SchedulerApptsScrn","runtime_appointmentbooking","installed","","0","Inbound New Guest Appointment","Guest_Flow","","",""
"2aFgL000004R1kNUAS","005gL000006eHd0QAE","0","Orchestration flow for Recurrence Scheduler","2025-08-26 14:10:41","005gL000006eHd0QAE","2025-08-26 14:15:13","005gL000006eHd0QAE","2025-08-26 14:15:13","","","","","","Scheduled","InProgress","","","","","","0","SchdTrig","runtime_industries_recurrence","installed","","0","Orchestration flow for Recurrence Scheduler","Orch","","",""
"2aFgL000004R1kOUAS","005gL000006eHd0QAE","0","Inbound Modify Appointment","2025-08-26 14:10:41","005gL000006eHd0QAE","2025-08-26 14:15:13","005gL000006eHd0QAE","2025-08-26 14:15:13","","","","","","","InProgress","","","","","","0","SchedulerApptsScrn","runtime_appointmentbooking","installed","","0","Inbound Modify Appointment","In_Modify","","",""
"2aFgL000004R1kPUAS","005gL000006eHd0QAE","0","Reset Password","2025-08-26 14:10:41","005gL000006eHd0QAE","2025-08-26 14:15:13","005gL000006eHd0QAE","2025-08-26 14:15:13","","","","","","","InProgress","","","","","","0","Screen","setup_service_experience","installed","","0","Reset Password","Reset_Pwd","","",""
"2aFgL000004R1kQUAS","005gL000006eHd0QAE","0","Enroll or Unenroll Service Appointment Attendees","2025-08-26 14:10:41","005gL000006eHd0QAE","2025-08-26 14:15:14","005gL000006eHd0QAE","2025-08-26 14:15:14","","","","Enrolls or unenrolls a service appointment attendee from a group service appointment.","","","InProgress","","","","","","0","SchedulerApptsScrn","runtime_appointmentbooking","installed","","0","Enroll or Unenroll Service Appointment Attendees","EnrlAttnd","","",""
"2aFgL000004R1kRUAS","005gL000006eHd0QAE","0","Enablement: Send Feedback Ready Notification","2025-08-26 14:10:41","005gL000006eHd0QAE","2025-08-26 14:15:14","005gL000006eHd0QAE","2025-08-26 14:15:14","","","","Notifies Enablement users when they receive feedback on their content.","","RecordAfterSave","InProgress","","","","","","0","RecTrigAfterSave","enablement_coaching","installed","","0","Enablement: Send Feedback Ready Notification","SendFdbkRdyNtfcn","","",""
"2aFgL000004R1kSUAS","005gL000006eHd0QAE","0","Inbound Cancel Appointment","2025-08-26 14:10:41","005gL000006eHd0QAE","2025-08-26 14:15:14","005gL000006eHd0QAE","2025-08-26 14:15:14","","","","","","","InProgress","","","","","","0","SchedulerApptsScrn","runtime_appointmentbooking","installed","","0","Inbound Cancel Appointment","In_Cancel","","",""
"2aFgL000004R1kTUAS","005gL000006eHd0QAE","0","Create Waitlist","2025-08-26 14:10:41","005gL000006eHd0QAE","2025-08-26 14:15:14","005gL000006eHd0QAE","2025-08-26 14:15:14","","","","Create a waitlist to manage drop-in customers for a service territory.","","","InProgress","","","","","","0","SchedulerApptsScrn","runtime_appointmentbooking","installed","","0","Create Waitlist","Create_WL","","",""
"2aFgL000004R1kUUAS","005gL000006eHd0QAE","0","Return Item Flow","2025-08-26 14:10:41","005gL000006eHd0QAE","2025-08-26 14:15:14","005gL000006eHd0QAE","2025-08-26 14:15:14","","","","Order Management: Return order items after fulfillment.","","","Draft","","","","","","0","Screen","runtime_commerce_oms","installed","","0","Return Item Flow","Return_Item","","",""
"2aFgL000004R1kVUAS","005gL000006eHd0QAE","0","Even Exchange Flow","2025-08-26 14:10:41","005gL000006eHd0QAE","2025-08-26 14:15:14","005gL000006eHd0QAE","2025-08-26 14:15:14","","","","Order Management: Even Exchange order products before fulfillment.","","","Draft","","","","","","0","Screen","runtime_commerce_exc","installed","","0","Even Exchange Flow","Exchange_Flow","","",""
"2aFgL000004R1kWUAS","005gL000006eHd0QAE","0","Discount Flow","2025-08-26 14:10:41","005gL000006eHd0QAE","2025-08-26 14:15:14","005gL000006eHd0QAE","2025-08-26 14:15:14","","","","Order Management: Apply discounts to order items.","","","Draft","","","","","","0","Screen","runtime_commerce_adj","installed","","0","Discount Flow","Discount_Item","","",""
"2aFgL000004R1kXUAS","005gL000006eHd0QAE","0","CMS: Notify Content Author","2025-08-26 14:10:41","005gL000006eHd0QAE","2025-08-26 14:10:41","005gL000006eHd0QAE","2025-08-26 14:10:41","","","","Notifies the content author that their content variant has been approved, and allows the content author to conditionally view the final feedback for the content variant.","","","InProgress","","","","","","0","Screen","cms_orch","installed","","0","CMS: Notify Content Author","CMS_NotifyRequester","","",""
"2aFgL000004R1kYUAS","005gL000006eHd0QAE","0","Add or Modify Service Appointment Attendees","2025-08-26 14:10:41","005gL000006eHd0QAE","2025-08-26 14:15:14","005gL000006eHd0QAE","2025-08-26 14:15:14","","","","Add, modify, or delete a service appointment attendee record from a group service appointment.","","","InProgress","","","","","","0","SchedulerApptsScrn","runtime_appointmentbooking","installed","","0","Add or Modify Service Appointment Attendees","AddAttnd","","",""
"2aFgL000004R1kZUAS","005gL000006eHd0QAE","0","Generate Payment Link","2025-08-26 14:10:41","005gL000006eHd0QAE","2025-08-26 14:15:14","005gL000006eHd0QAE","2025-08-26 14:15:14","","","","","","","InProgress","","","","","","0","Screen","runtime_payments","installed","","0","Generate Payment Link","GeneratePaymentLink","","",""
"2aFgL000004R1kaUAC","005gL000006eHd0QAE","0","RMA Return Items","2025-08-26 14:10:41","005gL000006eHd0QAE","2025-08-26 14:15:14","005gL000006eHd0QAE","2025-08-26 14:15:14","","","","Order Management: Return order items RMA after fulfillment.","","","Draft","","","","","","0","Screen","runtime_commerce_rma","installed","","0","RMA Return Items","Return_Item_RMA","","",""
"2aFgL000004R1kbUAC","005gL000006eHd0QAE","0","Recurrence Schedule Flow","2025-08-26 14:10:41","005gL000006eHd0QAE","2025-08-26 14:15:14","005gL000006eHd0QAE","2025-08-26 14:15:14","","","","Flow for creating object items from Recurrence Scheduler Records","","","InProgress","","","","","","0","AutolnchNoTrig","runtime_industries_recurrence","installed","","0","Recurrence Schedule Flow","Schdlr","","",""
"2aFgL000004R1kcUAC","005gL000006eHd0QAE","0","RMA Create Credit Memo and Ensure Refunds Flow","2025-08-26 14:10:41","005gL000006eHd0QAE","2025-08-26 14:15:14","005gL000006eHd0QAE","2025-08-26 14:15:14","","","","Order Management: Create a credit memo and ensure refunds for a return order.","","RecordAfterSave","Draft","","","","","","0","RecTrigAfterSave","runtime_commerce_rma","installed","","0","RMA Create Credit Memo and Ensure Refunds Flow","Create_CO","","",""
"2aFgL000004R1kdUAC","005gL000006eHd0QAE","0","Verify Identity","2025-08-26 14:10:41","005gL000006eHd0QAE","2025-08-26 14:15:14","005gL000006eHd0QAE","2025-08-26 14:15:14","","","","","","","InProgress","","","","","","0","Screen","setup_service_experience","installed","","0","Verify Identity","Verify_Cust","","",""
"2aFgL000004R1keUAC","005gL000006eHd0QAE","0","Cancel Item Flow","2025-08-26 14:10:41","005gL000006eHd0QAE","2025-08-26 14:15:14","005gL000006eHd0QAE","2025-08-26 14:15:14","","","","Order Management: Cancel order items before fulfillment.","","","Draft","","","","","","0","Screen","runtime_commerce_oms","installed","","0","Cancel Item Flow","Cancel_Item","","",""
"2aFgL000004R1kfUAC","005gL000006eHd0QAE","0","Exchanges with RMA Returns","2025-08-26 14:10:41","005gL000006eHd0QAE","2025-08-26 14:10:41","005gL000006eHd0QAE","2025-08-26 14:10:41","","","","Order Management: Return order items RMA and create Exchange after fulfillment.","","","Draft","","","","","","0","Screen","runtime_commerce_rex","installed","","0","Exchanges with RMA Returns","Exchange_RMA","","",""
"2aFgL000004R1kgUAC","005gL000006eHd0QAE","0","Book Appointment from Invitation","2025-08-26 14:10:41","005gL000006eHd0QAE","2025-08-26 14:15:15","005gL000006eHd0QAE","2025-08-26 14:15:15","","","","Use an appointment invitation to book an appointment.","","","InProgress","","","","","","0","SchedulerApptsScrn","runtime_appointmentbooking","installed","","0","Book Appointment from Invitation","Inv_Book","","",""
"2aFgL000004R1khUAC","005gL000006eHd0QAE","0","Order on Behalf Of Flow","2025-08-26 14:10:41","005gL000006eHd0QAE","2025-08-26 14:10:41","005gL000006eHd0QAE","2025-08-26 14:10:41","","","","Order Management: Place an order.","","","Draft","","","","","","0","Screen","runtime_commerce_oe","installed","","0","Order on Behalf Of Flow","Order_Entry","","",""
"2aFgL000004R1kiUAC","005gL000006eHd0QAE","0","Check Service Plan Eligibility","2025-08-26 14:10:41","005gL000006eHd0QAE","2025-08-26 14:15:13","005gL000006eHd0QAE","2025-08-26 14:15:13","","","","Checks whether a case meets the eligibility criteria to generate an Einstein service plan.","","","Draft","","","","","","0","AutolnchNoTrig","setup_service_plan","installed","","0","Check Service Plan Eligibility","CheckEligibility","","",""
"2aFgL000004R1kjUAC","005gL000006eHd0QAE","0","Deploy Data Kit Component","2025-08-26 14:10:41","005gL000006eHd0QAE","2025-08-26 14:10:41","005gL000006eHd0QAE","2025-08-26 14:10:41","","","","The flow deploys DataKit components in a sequential manner. It iterates through each DataKit component, deploying them one by one, and waits for a deployment event to check the status before moving on to the next component. This flow utilizes a DataKit deployment invocable action and a DataKit deployment event.","","","InProgress","","","","","","0","AutolnchNoTrig","sfdatakit","installed","","0","Deploy Data Kit Component","DeployDataKitComponents","","",""
"2aFgL000004R1kkUAC","005gL000006eHd0QAE","0","Close Change Request & Related Issues","2025-08-26 14:10:41","005gL000006eHd0QAE","2025-08-26 14:15:12","005gL000006eHd0QAE","2025-08-26 14:15:12","","","","Closes a Change Request and attempts to close its related Incidents, Problems, and Cases.","","","Draft","","","","","","0","Screen","runtime_service_incident_mgmt","installed","","0","Close Change Request & Related Issues","CRRI","","",""
"2aFgL000004R1klUAC","005gL000006eHd0QAE","0","Change Case Owner to Incident Owner","2025-08-26 14:10:41","005gL000006eHd0QAE","2025-08-26 14:15:13","005gL000006eHd0QAE","2025-08-26 14:15:13","","","","When Cases are identified as part of an Incident, change the Case owner to the Incident owner.","","","Draft","","","","","","0","Screen","runtime_service_incident_mgmt","installed","","0","Change Case Owner to Incident Owner","CCOIO","","",""
"2aFgL000004R1kmUAC","005gL000006eHd0QAE","0","Approvals Workflow: Process Approval Submission","2025-08-26 14:10:41","005gL000006eHd0QAE","2025-08-26 14:15:11","005gL000006eHd0QAE","2025-08-26 14:15:11","","","","Allows a user to process a submission for Standard Approvals or Advanced Approvals. For an approval submission, allows a user to recall or cancel. For an approval work item, allows a user to reassign, review as the assignee, or override the assignee and review as an approval admin.","","","InProgress","","","","","","0","Screen","standard_approvals","installed","","0","Approvals Workflow: Process Approval Submission","ProcessAppvlSbms","","",""
"2aFgL000004R1knUAC","005gL000006eHd0QAE","0","Set Payment Rates","2025-08-26 14:10:41","005gL000006eHd0QAE","2025-08-26 14:15:12","005gL000006eHd0QAE","2025-08-26 14:15:12","","","","","","","InProgress","","","","","","0","SchedulerApptsScrn","runtime_appointmentbooking","installed","","0","Set Payment Rates","ConfigPymt","","",""
"2aFgL000004R1koUAC","005gL000006eHd0QAE","0","Get Work Types","2025-08-26 14:10:41","005gL000006eHd0QAE","2025-08-26 14:10:41","005gL000006eHd0QAE","2025-08-26 14:10:41","","","","Get the Work Types","","","InProgress","","","","","","0","AutolnchNoTrig","runtime_service_fieldservice","installed","","0","Get Work Types","WkTyp","","",""
"2aFgL000004R1kpUAC","005gL000006eHd0QAE","0","Approvals Workflow: Evaluate Approval Requests","2025-08-26 14:10:41","005gL000006eHd0QAE","2025-08-26 14:15:12","005gL000006eHd0QAE","2025-08-26 14:15:12","","","","Evaluate advanced approval requests to approve or deny them while optionally leaving comments.","","","InProgress","","","","","","0","Screen","standard_approvals","installed","","0","Approvals Workflow: Evaluate Approval Requests","EvaluateApproval","","",""
"2aFgL000004R1kqUAC","005gL000006eHd0QAE","0","Pay for Service Appointments","2025-08-26 14:10:41","005gL000006eHd0QAE","2025-08-26 14:15:13","005gL000006eHd0QAE","2025-08-26 14:15:13","","","","","","","InProgress","","","","","","0","SchedulerApptsScrn","runtime_appointmentbooking","installed","","0","Pay for Service Appointments","PymtLnk","","",""
"2aFgL000004R1krUAC","005gL000006eHd0QAE","0","Report an Incident","2025-08-26 14:10:41","005gL000006eHd0QAE","2025-08-26 14:10:41","005gL000006eHd0QAE","2025-08-26 14:10:41","","","","","","","InProgress","","","","","","0","Screen","svc_itsm","installed","","0","Report an Incident","Incident_Creation","","",""
"2aFgL000004R1ksUAC","005gL000006eHd0QAE","0","Messages Routed to Agents and Queues","2025-08-26 14:10:41","005gL000006eHd0QAE","2025-08-26 14:15:13","005gL000006eHd0QAE","2025-08-26 14:15:13","","","","Routes each message to an agent or queue based on conditions that you define.","","","InProgress","","","","","","0","RoutingAutolnch","omnichannel_messaging","installed","","0","Messages Routed to Agents and Queues","MsgRouting","","",""
"2aFgL000004R1ktUAC","005gL000006eHd0QAE","0","Voice Calls Routed to Basic Queue with Case Creation","2025-08-26 14:10:41","005gL000006eHd0QAE","2025-08-26 14:15:13","005gL000006eHd0QAE","2025-08-26 14:15:13","","","","Routes each call to the default queue (Basic Queue) and, if the agent accepts, screen pops the new case for this call and identifies the caller.","","","Draft","","","","","","0","RoutingAutolnch","opencti","installed","","0","Voice Calls Routed to Basic Queue with Case Creation","SCV_Basic_Routing_Flow","","",""
"2aFgL000004R1kuUAC","005gL000006eHd0QAE","0","Voice Calls Routed to Agents and Queues","2025-08-26 14:10:41","005gL000006eHd0QAE","2025-08-26 14:15:13","005gL000006eHd0QAE","2025-08-26 14:15:13","","","","Routes each call to an agent or queue based on conditions that you define.","","","InProgress","","","","","","0","RoutingAutolnch","omnichannel_voice","installed","","0","Voice Calls Routed to Agents and Queues","VoiceRouting","","",""
"2aFgL000004R1kvUAC","005gL000006eHd0QAE","0","Chats Routed to Agents and Queues","2025-08-26 14:10:41","005gL000006eHd0QAE","2025-08-26 14:15:14","005gL000006eHd0QAE","2025-08-26 14:15:14","","","","Routes each chat to an agent or queue based on conditions that you define.","","","InProgress","","","","","","0","RoutingAutolnch","omnichannel_chat","installed","","0","Chats Routed to Agents and Queues","QueuesChat","","",""
"2aFgL000004R1kwUAC","005gL000006eHd0QAE","0","Chats Routed to Agents with the Right Skills","2025-08-26 14:10:41","005gL000006eHd0QAE","2025-08-26 14:15:14","005gL000006eHd0QAE","2025-08-26 14:15:14","","","","Routes each chat to an agent with the required skills based on conditions that you define.","","","InProgress","","","","","","0","RoutingAutolnch","omnichannel_chat","installed","","0","Chats Routed to Agents with the Right Skills","SkillsChat","","",""
"2aFgL000004R1kxUAC","005gL000006eHQ5QAM","0","Field Service: Update Appointment Arrival Window","2025-08-26 14:10:41","005gL000006eHd0QAE","2025-08-26 14:10:41","005gL000006eHd0QAE","2025-08-26 14:10:41","","","","Updates a service appointment?s arrival window start and end times. If the given values for arrival window start and end times are empty, both fields are cleared. If only one of the fields is given, the isSuccess parameter is marked as False.","","","InProgress","","","","","","0","AutolnchNoTrig","runtime_service_fieldservice","installed","","0","Field Service: Update Appointment Arrival Window","ArrWin","","",""
"2aFgL000004R1kyUAC","005gL000006eHQ5QAM","0","Field Service: Get Service Appointment Time Zone","2025-08-26 14:10:41","005gL000006eHd0QAE","2025-08-26 14:10:41","005gL000006eHd0QAE","2025-08-26 14:10:41","","","","Gets the time zone from the operating hours of a service appointment?s service territory. If the service appointment doesn't have a service territory, gets the time zone from the default operating hours.","","","InProgress","","","","","","0","AutolnchNoTrig","runtime_service_fieldservice","installed","","0","Field Service: Get Service Appointment Time Zone","TmZn","","",""
"2aFgL000004R1kzUAC","005gL000006eHQ5QAM","0","Field Service: Create Service Appointment","2025-08-26 14:10:41","005gL000006eHd0QAE","2025-08-26 14:10:41","005gL000006eHd0QAE","2025-08-26 14:10:41","","","","Creates a work order and a service appointment based on the contact and work type.","","","InProgress","","","","","","0","AutolnchNoTrig","runtime_service_fieldservice","installed","","0","Field Service: Create Service Appointment","NewAppt","","",""
"2aFgL000004R1l0UAC","005gL000006eHQ5QAM","0","Get Verification ContactId","2025-08-26 14:10:41","005gL000006eHd0QAE","2025-08-26 14:10:41","005gL000006eHd0QAE","2025-08-26 14:10:41","","","","","","","InProgress","","","","","","0","AutolnchNoTrig","runtime_service_fieldservice","installed","","0","Get Verification ContactId","GtVrfCnt","","",""
"2aFgL000004R1l1UAC","005gL000006eHQ5QAM","0","Is External Agent","2025-08-26 14:10:41","005gL000006eHd0QAE","2025-08-26 14:10:41","005gL000006eHd0QAE","2025-08-26 14:10:41","","","","","","","InProgress","","","","","","0","AutolnchNoTrig","runtime_service_fieldservice","installed","","0","Is External Agent","IsExAgnt","","",""
"2aFgL000004R1l2UAC","005gL000006eHQ5QAM","0","Cancel Appointment","2025-08-26 14:10:41","005gL000006eHd0QAE","2025-08-26 14:10:41","005gL000006eHd0QAE","2025-08-26 14:10:41","","","","","","","InProgress","","","","","","0","AutolnchNoTrig","runtime_service_fieldservice","installed","","0","Cancel Appointment","CnclAppt","","",""
"2aFgL000004R1l3UAC","005gL000006eHQ5QAM","0","Field Service: Get Service Appointments Information","2025-08-26 14:10:41","005gL000006eHd0QAE","2025-08-26 14:10:41","005gL000006eHd0QAE","2025-08-26 14:10:41","","","","","","","InProgress","","","","","","0","AutolnchNoTrig","runtime_service_fieldservice","installed","","0","Field Service: Get Service Appointments Information","Info","","",""
"2aFgL000004R1l4UAC","005gL000006eHQ5QAM","0","Field Service: Get Appointment Time Slots","2025-08-26 14:10:41","005gL000006eHd0QAE","2025-08-26 14:10:41","005gL000006eHd0QAE","2025-08-26 14:10:41","","","","Gets available appointment time slots based on the time zone, operating hours, and scheduling policy parameters.","","","InProgress","","","","","","0","AutolnchNoTrig","runtime_service_fieldservice","installed","","0","Field Service: Get Appointment Time Slots","TmSlots","","",""
"2aFgL000004R1l5UAC","005gL000006eHQ5QAM","0","Field Service: Schedule Service Appointment","2025-08-26 14:10:41","005gL000006eHd0QAE","2025-08-26 14:10:41","005gL000006eHd0QAE","2025-08-26 14:10:41","","","","Schedules a service appointment for a given service appointment ID and scheduling policy name (optional).","","","InProgress","","","","","","0","AutolnchNoTrig","runtime_service_fieldservice","installed","","0","Field Service: Schedule Service Appointment","Sched","","",""
"2aFgL000004R1l6UAC","005gL000006eHQ5QAM","0","Authentication Provider User Registration","2025-08-26 14:10:41","005gL000006eHd0QAE","2025-08-26 14:15:13","005gL000006eHd0QAE","2025-08-26 14:15:13","","","","Creates and updates a user during a single sign-on process that uses an authentication provider.","","","Draft","","","","","","0","IdentityUserRgstrAutolnch","identity_flows","installed","","0","Authentication Provider User Registration","AuthProviderUserRgstr","","",""
"2aFgL000004R1l7UAC","005gL000006eHQ5QAM","0","Get External Storage Upload Config","2025-08-26 14:10:41","005gL000006eHd0QAE","2025-08-26 14:15:12","005gL000006eHd0QAE","2025-08-26 14:15:12","","","","Gets upload configuration for content hub repositorys","","","Draft","","","","","","0","AutolnchNoTrig","contenthub_upld_flows","installed","","0","Get External Storage Upload Config","GetUploadCnfg","","",""
"2aFgL000004R1l8UAC","005gL000006eHQ5QAM","0","Process Simple Approval","2025-08-26 14:10:41","005gL000006eHd0QAE","2025-08-26 14:15:12","005gL000006eHd0QAE","2025-08-26 14:15:12","","","","Submits a record for approval by a single reviewer.","","","InProgress","","","","","","0","ApprovalOrchAutolnch","standard_approvals","installed","","0","Process Simple Approval","ProcSimpleAppvl","","",""
"2aFgL000004R1l9UAC","005gL000006eHQ5QAM","0","Create Work Order from Case","2025-08-26 14:10:41","005gL000006eHd0QAE","2025-08-26 14:15:13","005gL000006eHd0QAE","2025-08-26 14:15:13","","","","Copies case details, like customer and asset information, to create a work order from a case.","","","Draft","","","","","","0","Screen","sfdc_fieldservice","installed","","0","Create Work Order from Case","Create_Work_Order","","",""
"2aFgL000004R1lAUAS","005gL000006eHQ5QAM","0","Check Flow API Name","2025-08-26 14:10:41","005gL000006eHd0QAE","2025-08-26 14:15:13","005gL000006eHd0QAE","2025-08-26 14:15:13","","","","Determines if the specified flow API name is already in use.","","","InProgress","","","","","","0","AutolnchNoTrig","standard_approvals","installed","","0","Check Flow API Name","ChkFlowApiName","","",""
"2aFgL000004R1lBUAS","005gL000006eHQ5QAM","0","Review Approval Request","2025-08-26 14:10:41","005gL000006eHd0QAE","2025-08-26 14:15:14","005gL000006eHd0QAE","2025-08-26 14:15:14","","","","Displays information about a record to be approved and allows the reviewer to approve or reject it. The approver can optionally add comments about their decision.","","","InProgress","","","","","","0","Screen","standard_approvals","installed","","0","Review Approval Request","ReviewAppvlRqst","","",""
"2aFgL000004R1lCUAS","005gL000006eHQ5QAM","0","Create Draft Flow Approval Process","2025-08-26 14:10:41","005gL000006eHd0QAE","2025-08-26 14:15:14","005gL000006eHd0QAE","2025-08-26 14:15:14","","","","Creates a draft flow approval process using information provided by the flow user.","","","InProgress","","","","","","0","Screen","standard_approvals","installed","","0","Create Draft Flow Approval Process","CreaDrftAppvl","","",""
"2aFgL000004R2Q1UAK","005gL000006eHQ5QAM","0","Create Sales Person Account Record","2025-08-26 14:15:12","005gL000006eHd0QAE","2025-08-26 14:15:12","005gL000006eHd0QAE","2025-08-26 14:15:12","","","","Searches for an existing person account record. If one isn?t found, creates a new person account record.","","","InProgress","","","","","","0","AutolnchNoTrig","sales_sfa_flows","installed","","0","Create Sales Person Account Record","CreateSalesPA","","",""
"2aFgL000004R2Q2UAK","005gL000006eHQ5QAM","0","Create Sales Contact Record","2025-08-26 14:15:13","005gL000006eHd0QAE","2025-08-26 14:15:13","005gL000006eHd0QAE","2025-08-26 14:15:13","","","","Searches for an existing contact record. If one isn?t found, creates a new contact record.","","","InProgress","","","","","","0","AutolnchNoTrig","sales_sfa_flows","installed","","0","Create Sales Contact Record","CreateSalesContact","","",""
"2aFgL000004R2Q3UAK","005gL000006eHQ5QAM","0","Create Sales Lead Record","2025-08-26 14:15:13","005gL000006eHd0QAE","2025-08-26 14:15:13","005gL000006eHd0QAE","2025-08-26 14:15:13","","","","Searches for an existing lead record. If one isn?t found, creates a new lead record.","","","InProgress","","","","","","0","AutolnchNoTrig","sales_sfa_flows","installed","","0","Create Sales Lead Record","CreateSalesLead","","",""
