"Id","IsDeleted","Name","CreatedDate","CreatedById","LastModifiedDate","LastModifiedById","SystemModstamp","ManagedContentSpaceId","ModuleDefinition","ModuleStatus"
"0sMgL000003GrD7UAK","0","ChannelManagement","2025-08-26 14:10:41","005gL000006eHd0QAE","2025-08-26 14:10:41","005gL000006eHd0QAE","2025-08-26 14:10:41","0ZugL000003HJXZSA4","sfdc_cms__channelManagement","ENABLED"
"0sMgL000003GrD8UAK","0","Common","2025-08-26 14:10:41","005gL000006eHd0QAE","2025-08-26 14:10:41","005gL000006eHd0QAE","2025-08-26 14:10:41","0ZugL000003HJXZSA4","sfdc_cms__common","ENABLED"
"0sMgL000003GrD9UAK","0","ExportImport","2025-08-26 14:10:41","005gL000006eHd0QAE","2025-08-26 14:10:41","005gL000006eHd0QAE","2025-08-26 14:10:41","0ZugL000003HJXZSA4","sfdc_cms__exportImport","ENABLED"
"0sMgL000003GrDAUA0","0","Folder Share","2025-08-26 14:10:41","005gL000006eHd0QAE","2025-08-26 14:10:41","005gL000006eHd0QAE","2025-08-26 14:10:41","0ZugL000003HJXZSA4","sfdc_cms__folderShare","ENABLED"
"0sMgL000003GrDBUA0","0","Localization","2025-08-26 14:10:41","005gL000006eHd0QAE","2025-08-26 14:10:41","005gL000006eHd0QAE","2025-08-26 14:10:41","0ZugL000003HJXZSA4","sfdc_cms__localization","ENABLED"
"0sMgL000003GrDCUA0","0","Metadata","2025-08-26 14:10:41","005gL000006eHd0QAE","2025-08-26 14:10:41","005gL000006eHd0QAE","2025-08-26 14:10:41","0ZugL000003HJXZSA4","sfdc_cms__metadata","ENABLED"
"0sMgL000003GrDDUA0","0","Packaging","2025-08-26 14:10:41","005gL000006eHd0QAE","2025-08-26 14:10:41","005gL000006eHd0QAE","2025-08-26 14:10:41","0ZugL000003HJXZSA4","sfdc_cms__packaging","ENABLED"
"0sMgL000003GrDEUA0","0","UserManagement","2025-08-26 14:10:41","005gL000006eHd0QAE","2025-08-26 14:10:41","005gL000006eHd0QAE","2025-08-26 14:10:41","0ZugL000003HJXZSA4","sfdc_cms__userManagement","ENABLED"
"0sMgL000003GrDFUA0","0","Enablement Authoring Lesson","2025-08-26 14:10:41","005gL000006eHd0QAE","2025-08-26 14:10:41","005gL000006eHd0QAE","2025-08-26 14:10:41","0ZugL000003HJXZSA4","sfdc_enablement__authoring_lesson","ENABLED"
