"Id","Name","ModuleNamespace","Description","BusinessProcessId","SobjectType","IsActive","CreatedById","CreatedDate","LastModifiedById","LastModifiedDate","SystemModstamp","IsDeleted"
"012gL0000028zTNQAY","Internal Zone: Question Record Type","","Record type used to associate Question with a specific zone","","Question","1","005gL000006eHd0QAE","2025-08-26 14:10:41","005gL000006eHd0QAE","2025-08-26 14:10:41","2025-08-26 14:10:41","0"
"012gL0000028zTOQAY","Internal Zone: Reply Record Type","","Record type used to associate Reply with a specific zone","","Reply","1","005gL000006eHd0QAE","2025-08-26 14:10:41","005gL000006eHd0QAE","2025-08-26 14:10:41","2025-08-26 14:10:41","0"
"012gL0000028zTPQAY","Progress","","Measure achievement based on how much is finished compared to a targeted value. Ideal for tracking hard numbers and percentages. For example: Convert 50 Leads or Achieve 100% Customer Satisfaction.","","Metric","1","005gL000006eHQ5QAM","2025-08-26 14:10:41","005gL000006eHQ5QAM","2025-08-26 14:10:41","2025-08-26 14:10:41","0"
"012gL0000028zTQQAY","Completion","","Measure achievement based on whether or not the metric is finished. Ideal for tracking milestones, or when you don't have metrics based on hard numbers. For example: Become Salesforce Certified.","","Metric","1","005gL000006eHQ5QAM","2025-08-26 14:10:41","005gL000006eHQ5QAM","2025-08-26 14:10:41","2025-08-26 14:10:41","0"
"012gL0000028zTRQAY","Internal Ideas: Idea Record Type","","Record Type used to associate ideas with a specific community","","Idea","1","005gL000006eHQ5QAM","2025-08-26 14:10:41","005gL000006eHQ5QAM","2025-08-26 14:10:41","2025-08-26 14:10:41","0"
