"Id","IsDeleted","Name","CreatedDate","CreatedById","LastModifiedDate","LastModifiedById","SystemModstamp","ReleaseUpdateId","Status"
"1RLgL000003K0lJWAS","0","Check","2025-08-26 14:10:41","005gL000006eHd0QAE","2025-08-26 14:10:41","005gL000006eHd0QAE","2025-08-26 14:10:41","EnableEnhancedDomainsReleaseUpdate","Complete"
"1RLgL000003K0lKWAS","0","Confirm","2025-08-26 14:10:41","005gL000006eHd0QAE","2025-08-26 14:10:41","005gL000006eHd0QAE","2025-08-26 14:10:41","EnableEnhancedDomainsReleaseUpdate","New"
"1RLgL000003K0lLWAS","0","Deploy","2025-08-26 14:10:41","005gL000006eHd0QAE","2025-08-26 14:10:41","005gL000006eHd0QAE","2025-08-26 14:10:41","EnableEnhancedDomainsReleaseUpdate","Complete"
"1RLgL000003K0lMWAS","0","Enable","2025-08-26 14:10:41","005gL000006eHd0QAE","2025-08-26 14:10:41","005gL000006eHd0QAE","2025-08-26 14:10:41","EnableEnhancedDomainsReleaseUpdate","Complete"
"1RLgL000003K0lNWAS","0","UpdateFirst","2025-08-26 14:10:41","005gL000006eHd0QAE","2025-08-26 14:10:41","005gL000006eHd0QAE","2025-08-26 14:10:41","EnableEnhancedDomainsReleaseUpdate","New"
"1RLgL000003K0lOWAS","0","UpdateSecond","2025-08-26 14:10:41","005gL000006eHd0QAE","2025-08-26 14:10:41","005gL000006eHd0QAE","2025-08-26 14:10:41","EnableEnhancedDomainsReleaseUpdate","New"
