"Id","IsDeleted","Name","CreatedDate","CreatedById","LastModifiedDate","LastModifiedById","SystemModstamp","ReleaseUpdateId","Number","Status"
"1RSgL000003JqE5WAK","0","Check","2025-08-26 14:10:41","005gL000006eHd0QAE","2025-08-26 14:10:41","005gL000006eHd0QAE","2025-08-26 14:10:41","EnableEnhancedDomainsReleaseUpdate","1","Complete"
"1RSgL000003JqE6WAK","0","Enable","2025-08-26 14:10:41","005gL000006eHd0QAE","2025-08-26 14:10:41","005gL000006eHd0QAE","2025-08-26 14:10:41","EnableEnhancedDomainsReleaseUpdate","2","Complete"
"1RSgL000003JqE7WAK","0","Deploy","2025-08-26 14:10:41","005gL000006eHd0QAE","2025-08-26 14:10:41","005gL000006eHd0QAE","2025-08-26 14:10:41","EnableEnhancedDomainsReleaseUpdate","3","Complete"
"1RSgL000003JqE8WAK","0","UpdateFirst","2025-08-26 14:10:41","005gL000006eHd0QAE","2025-08-26 14:10:41","005gL000006eHd0QAE","2025-08-26 14:10:41","EnableEnhancedDomainsReleaseUpdate","4","New"
"1RSgL000003JqE9WAK","0","UpdateSecond","2025-08-26 14:10:41","005gL000006eHd0QAE","2025-08-26 14:10:41","005gL000006eHd0QAE","2025-08-26 14:10:41","EnableEnhancedDomainsReleaseUpdate","5","New"
"1RSgL000003JqEAWA0","0","Confirm","2025-08-26 14:10:41","005gL000006eHd0QAE","2025-08-26 14:10:41","005gL000006eHd0QAE","2025-08-26 14:10:41","EnableEnhancedDomainsReleaseUpdate","6","New"
