"Id","IsDeleted","Name","CreatedDate","CreatedById","LastModifiedDate","LastModifiedById","SystemModstamp","Tenant","MetricsType","Count","StartProcessTime","EndProcessTime","MetricIdentifier","PreviousMetricIdentifier","ChangeCount"
"4a8gL00000Ho2JhQAJ","0","EPIC OrgFarm","2025-08-26 14:19:47","005gL000006eHd0QAE","2025-08-26 14:19:47","005gL000006eHd0QAE","2025-08-26 14:19:47","00DgL00000A6PxI","TenantInfo","1","2025-08-26 14:19:47","2025-08-26 14:19:47","e7012c8560014b958c78054fcc60ce28","0000000017513898000000002f79f785","1"
"4a8gL00000Hv0LkQAJ","0","EPIC OrgFarm","2025-08-27 05:39:52","005gL000006eHd0QAE","2025-08-27 05:39:52","005gL000006eHd0QAE","2025-08-27 05:39:52","00DgL00000A6PxI","LoginsWithOAUTH","0","2025-08-26 00:00:00","2025-08-26 23:59:59","96d6ced5ad6b4652809f44d4f03b885c","ffffffffa90ae465000000003239cce3","0"
"4a8gL00000Hv0LlQAJ","0","EPIC OrgFarm","2025-08-27 05:39:52","005gL000006eHd0QAE","2025-08-27 05:39:52","005gL000006eHd0QAE","2025-08-27 05:39:52","00DgL00000A6PxI","LoginsWithOAUTH2FA","0","2025-08-26 00:00:00","2025-08-26 23:59:59","f300bb6a23b544a79bc23a98f01b4da5","ffffffffa90ae465ffffffffe49bfcc4","0"
"4a8gL00000HvLsEQAV","0","EPIC OrgFarm","2025-08-27 05:39:52","005gL000006eHd0QAE","2025-08-27 05:39:52","005gL000006eHd0QAE","2025-08-27 05:39:52","00DgL00000A6PxI","LoginsWithUNPW","0","2025-08-26 00:00:00","2025-08-26 23:59:59","4371664739eb4a079023601c708c728c","ffffffffa90ae465000000003280913a","0"
"4a8gL00000HvLsFQAV","0","EPIC OrgFarm","2025-08-27 05:39:52","005gL000006eHd0QAE","2025-08-27 05:39:52","005gL000006eHd0QAE","2025-08-27 05:39:52","00DgL00000A6PxI","LoginsWithUNPW2FA","0","2025-08-26 00:00:00","2025-08-26 23:59:59","c41f90b9362f41678b9c20cfbc44ea47","ffffffffa90ae465000000000fd6450d","0"
"4a8gL00000HvatSQAR","0","EPIC OrgFarm","2025-08-27 05:39:52","005gL000006eHd0QAE","2025-08-27 05:39:52","005gL000006eHd0QAE","2025-08-27 05:39:52","00DgL00000A6PxI","LoginsWithPWLESS","0","2025-08-26 00:00:00","2025-08-26 23:59:59","7808e2ae04494ca09888d89aba0df8f8","ffffffffa90ae465ffffffffb910bf7a","0"
"4a8gL00000HvatTQAR","0","EPIC OrgFarm","2025-08-27 05:39:52","005gL000006eHd0QAE","2025-08-27 05:39:52","005gL000006eHd0QAE","2025-08-27 05:39:52","00DgL00000A6PxI","LoginsWithPWLESS2FA","0","2025-08-26 00:00:00","2025-08-26 23:59:59","7bfc60ef7f86479cacc4537a0c2d4b8e","ffffffffa90ae46500000000544c6ecd","0"
"4a8gL00000HvbTGQAZ","0","EPIC OrgFarm","2025-08-27 05:39:53","005gL000006eHd0QAE","2025-08-27 05:39:53","005gL000006eHd0QAE","2025-08-27 05:39:53","00DgL00000A6PxI","LoginsWithSSO","0","2025-08-26 00:00:00","2025-08-26 23:59:59","2b5613d7626a449f860695a06e8c88b9","ffffffffa90ae465ffffffffde9ad06b","0"
"4a8gL00000HvbTHQAZ","0","EPIC OrgFarm","2025-08-27 05:39:53","005gL000006eHd0QAE","2025-08-27 05:39:53","005gL000006eHd0QAE","2025-08-27 05:39:53","00DgL00000A6PxI","LoginsWithSSO2FA","0","2025-08-26 00:00:00","2025-08-26 23:59:59","ed0d7be0a2d540a1aa1a7e9044d3d4d5","ffffffffa90ae465ffffffffd235ec3c","0"
"4a8gL00000HvdUaQAJ","0","EPIC OrgFarm","2025-08-27 05:39:52","005gL000006eHd0QAE","2025-08-27 05:39:52","005gL000006eHd0QAE","2025-08-27 05:39:52","00DgL00000A6PxI","LoginsWithExternalUser","0","2025-08-26 00:00:00","2025-08-26 23:59:59","5ba3329207d247dca139dd8cac704172","ffffffffa90ae465ffffffffc6567904","0"
"4a8gL00000HvdUbQAJ","0","EPIC OrgFarm","2025-08-27 05:39:52","005gL000006eHd0QAE","2025-08-27 05:39:52","005gL000006eHd0QAE","2025-08-27 05:39:52","00DgL00000A6PxI","LoginsWithExternalUser2FA","0","2025-08-26 00:00:00","2025-08-26 23:59:59","e99cbbc9d71f48359128f8bba0e27d9c","ffffffffa90ae465ffffffffd93ed103","0"
"4a8gL00000IF0uLQAT","0","EPIC OrgFarm","2025-08-28 12:42:41","005gL000006eHd0QAE","2025-08-28 12:42:41","005gL000006eHd0QAE","2025-08-28 12:42:41","00DgL00000A6PxI","LoginsWithSSO","0","2025-08-27 00:00:00","2025-08-27 23:59:59","ac3b264745b4476ebb2bd17908bc9ef8","ffffffffd59b84b5000000000b2b70bb","0"
"4a8gL00000IF0uMQAT","0","EPIC OrgFarm","2025-08-28 12:42:41","005gL000006eHd0QAE","2025-08-28 12:42:41","005gL000006eHd0QAE","2025-08-28 12:42:41","00DgL00000A6PxI","LoginsWithSSO2FA","0","2025-08-27 00:00:00","2025-08-27 23:59:59","9655ef1256154045bb25f4290814bca4","ffffffffd59b84b5fffffffffec68c8c","0"
"4a8gL00000IFQGbQAP","0","EPIC OrgFarm","2025-08-28 12:42:38","005gL000006eHd0QAE","2025-08-28 12:42:38","005gL000006eHd0QAE","2025-08-28 12:42:38","00DgL00000A6PxI","LoginsWithPWLESS","0","2025-08-27 00:00:00","2025-08-27 23:59:59","0f7ee9d9bc90449ba1b123692cfccb31","ffffffffd59b84b5ffffffffe5a15fca","0"
"4a8gL00000IFQGcQAP","0","EPIC OrgFarm","2025-08-28 12:42:38","005gL000006eHd0QAE","2025-08-28 12:42:38","005gL000006eHd0QAE","2025-08-28 12:42:38","00DgL00000A6PxI","LoginsWithPWLESS2FA","0","2025-08-27 00:00:00","2025-08-27 23:59:59","2c3ee03e508c48728d35721b394f1f67","ffffffffd59b84b5ffffffff80dd0f1d","0"
"4a8gL00000IFR6CQAX","0","EPIC OrgFarm","2025-08-28 12:42:38","005gL000006eHd0QAE","2025-08-28 12:42:38","005gL000006eHd0QAE","2025-08-28 12:42:38","00DgL00000A6PxI","LoginsWithUNPW","0","2025-08-27 00:00:00","2025-08-27 23:59:59","4b4b2892722b45988c4c17c2d6a78ac9","ffffffffd59b84b5000000005f11318a","0"
"4a8gL00000IFR6DQAX","0","EPIC OrgFarm","2025-08-28 12:42:38","005gL000006eHd0QAE","2025-08-28 12:42:38","005gL000006eHd0QAE","2025-08-28 12:42:38","00DgL00000A6PxI","LoginsWithUNPW2FA","0","2025-08-27 00:00:00","2025-08-27 23:59:59","0894c30f9beb40ecba59700a2fe59d2c","ffffffffd59b84b5000000003c66e55d","0"
"4a8gL00000IFRwDQAX","0","EPIC OrgFarm","2025-08-28 12:42:38","005gL000006eHd0QAE","2025-08-28 12:42:38","005gL000006eHd0QAE","2025-08-28 12:42:38","00DgL00000A6PxI","LoginsWithExternalUser","0","2025-08-27 00:00:00","2025-08-27 23:59:59","524c5016dd284d9e85dc912a1d11dc08","ffffffffd59b84b5fffffffff2e71954","0"
"4a8gL00000IFRwEQAX","0","EPIC OrgFarm","2025-08-28 12:42:38","005gL000006eHd0QAE","2025-08-28 12:42:38","005gL000006eHd0QAE","2025-08-28 12:42:38","00DgL00000A6PxI","LoginsWithExternalUser2FA","0","2025-08-27 00:00:00","2025-08-27 23:59:59","474da5e078c84f5b95eab1eee98fa45d","ffffffffd59b84b50000000005cf7153","0"
"4a8gL00000IFgMXQA1","0","EPIC OrgFarm","2025-08-28 12:42:40","005gL000006eHd0QAE","2025-08-28 12:42:40","005gL000006eHd0QAE","2025-08-28 12:42:40","00DgL00000A6PxI","LoginsWithOAUTH","0","2025-08-27 00:00:00","2025-08-27 23:59:59","2a0a9ae797e947d98f74b698d2869117","ffffffffd59b84b5000000005eca6d33","0"
"4a8gL00000IFgMYQA1","0","EPIC OrgFarm","2025-08-28 12:42:40","005gL000006eHd0QAE","2025-08-28 12:42:40","005gL000006eHd0QAE","2025-08-28 12:42:40","00DgL00000A6PxI","LoginsWithOAUTH2FA","0","2025-08-27 00:00:00","2025-08-27 23:59:59","409a4ec5c4044631992835ed618e5a61","ffffffffd59b84b500000000112c9d14","0"
"4a8gL00000IUHoTQAX","0","EPIC OrgFarm","2025-08-29 11:53:22","005gL000006eHd0QAE","2025-08-29 11:53:22","005gL000006eHd0QAE","2025-08-29 11:53:22","00DgL00000A6PxI","LoginsWithExternalUser","0","2025-08-28 00:00:00","2025-08-28 23:59:59","1a763be8442c44b68a6c4e9fa7df1210","0000000035393c4f000000005284d0ee","0"
"4a8gL00000IUHoUQAX","0","EPIC OrgFarm","2025-08-29 11:53:22","005gL000006eHd0QAE","2025-08-29 11:53:22","005gL000006eHd0QAE","2025-08-29 11:53:22","00DgL00000A6PxI","LoginsWithExternalUser2FA","0","2025-08-28 00:00:00","2025-08-28 23:59:59","495023a4cac148f18bd8d6ac6f4c36cd","0000000035393c4f00000000656d28ed","0"
"4a8gL00000IUKbtQAH","0","EPIC OrgFarm","2025-08-29 11:53:23","005gL000006eHd0QAE","2025-08-29 11:53:23","005gL000006eHd0QAE","2025-08-29 11:53:23","00DgL00000A6PxI","LoginsWithSSO","0","2025-08-28 00:00:00","2025-08-28 23:59:59","ae525ed229d64f7dbbed42cca3f04994","0000000035393c4f000000006ac92855","0"
"4a8gL00000IUKbuQAH","0","EPIC OrgFarm","2025-08-29 11:53:23","005gL000006eHd0QAE","2025-08-29 11:53:23","005gL000006eHd0QAE","2025-08-29 11:53:23","00DgL00000A6PxI","LoginsWithSSO2FA","0","2025-08-28 00:00:00","2025-08-28 23:59:59","3109720bc4584ce783fa412610479647","0000000035393c4f000000005e644426","0"
"4a8gL00000IUQRjQAP","0","EPIC OrgFarm","2025-08-29 11:53:22","005gL000006eHd0QAE","2025-08-29 11:53:22","005gL000006eHd0QAE","2025-08-29 11:53:22","00DgL00000A6PxI","LoginsWithUNPW","0","2025-08-28 00:00:00","2025-08-28 23:59:59","56b3d47b9185463e8d360e515a513534","0000000035393c4fffffffffbeaee924","0"
"4a8gL00000IUQRkQAP","0","EPIC OrgFarm","2025-08-29 11:53:22","005gL000006eHd0QAE","2025-08-29 11:53:22","005gL000006eHd0QAE","2025-08-29 11:53:22","00DgL00000A6PxI","LoginsWithUNPW2FA","0","2025-08-28 00:00:00","2025-08-28 23:59:59","6b53adb9d8ff4dbc9cb955eea6c428e2","0000000035393c4fffffffff9c049cf7","0"
"4a8gL00000IUT7BQAX","0","EPIC OrgFarm","2025-08-29 11:53:22","005gL000006eHd0QAE","2025-08-29 11:53:22","005gL000006eHd0QAE","2025-08-29 11:53:22","00DgL00000A6PxI","LoginsWithPWLESS","0","2025-08-28 00:00:00","2025-08-28 23:59:59","273038e0378246e5b11f69576424a513","0000000035393c4f00000000453f1764","0"
"4a8gL00000IUT7CQAX","0","EPIC OrgFarm","2025-08-29 11:53:22","005gL000006eHd0QAE","2025-08-29 11:53:22","005gL000006eHd0QAE","2025-08-29 11:53:22","00DgL00000A6PxI","LoginsWithPWLESS2FA","0","2025-08-28 00:00:00","2025-08-28 23:59:59","0c082a3471724f0d9007e7d02004b642","0000000035393c4fffffffffe07ac6b7","0"
"4a8gL00000IUZPNQA5","0","EPIC OrgFarm","2025-08-29 11:53:22","005gL000006eHd0QAE","2025-08-29 11:53:22","005gL000006eHd0QAE","2025-08-29 11:53:22","00DgL00000A6PxI","LoginsWithOAUTH","0","2025-08-28 00:00:00","2025-08-28 23:59:59","993d7e49066a409c90b8c73710e8d931","0000000035393c4fffffffffbe6824cd","0"
"4a8gL00000IUZPOQA5","0","EPIC OrgFarm","2025-08-29 11:53:22","005gL000006eHd0QAE","2025-08-29 11:53:22","005gL000006eHd0QAE","2025-08-29 11:53:22","00DgL00000A6PxI","LoginsWithOAUTH2FA","0","2025-08-28 00:00:00","2025-08-28 23:59:59","7f5a7cf60f0148f7945d656c3f5093dd","0000000035393c4f0000000070ca54ae","0"
"4a8gL00000Ij7kPQAR","0","Dr. R. V Atrs and Science College , Karaadai","2025-08-30 10:55:03","005gL000006eHd0QAE","2025-08-30 10:55:03","005gL000006eHd0QAE","2025-08-30 10:55:03","00DgL00000A6PxI","LoginsWithExternalUser","0","2025-08-29 00:00:00","2025-08-29 23:59:59","882fd86ed45440bf81885cc486548723","ffffffff94d6f3e9ffffffffb2228888","0"
"4a8gL00000Ij7kQQAR","0","Dr. R. V Atrs and Science College , Karaadai","2025-08-30 10:55:03","005gL000006eHd0QAE","2025-08-30 10:55:03","005gL000006eHd0QAE","2025-08-30 10:55:03","00DgL00000A6PxI","LoginsWithExternalUser2FA","0","2025-08-29 00:00:00","2025-08-29 23:59:59","e6ed62b0070b412b8a6081ee234b0cbf","ffffffff94d6f3e9ffffffffc50ae087","0"
"4a8gL00000IjCvHQAV","0","Dr. R. V Atrs and Science College , Karaadai","2025-08-30 10:55:03","005gL000006eHd0QAE","2025-08-30 10:55:03","005gL000006eHd0QAE","2025-08-30 10:55:03","00DgL00000A6PxI","LoginsWithUNPW","0","2025-08-29 00:00:00","2025-08-29 23:59:59","110f0d75af224a29874ddcca4fdd056b","ffffffff94d6f3e9000000001e4ca0be","0"
"4a8gL00000IjCvIQAV","0","Dr. R. V Atrs and Science College , Karaadai","2025-08-30 10:55:03","005gL000006eHd0QAE","2025-08-30 10:55:03","005gL000006eHd0QAE","2025-08-30 10:55:03","00DgL00000A6PxI","LoginsWithUNPW2FA","0","2025-08-29 00:00:00","2025-08-29 23:59:59","a8b8db67129d4d25bf87f338f5fc3570","ffffffff94d6f3e9fffffffffba25491","0"
"4a8gL00000IjMcPQAV","0","Dr. R. V Atrs and Science College , Karaadai","2025-08-30 10:55:03","005gL000006eHd0QAE","2025-08-30 10:55:03","005gL000006eHd0QAE","2025-08-30 10:55:03","00DgL00000A6PxI","LoginsWithSSO","0","2025-08-29 00:00:00","2025-08-29 23:59:59","21d621addd1042b59afbf0d3a3da0c4b","ffffffff94d6f3e9ffffffffca66dfef","0"
"4a8gL00000IjMcQQAV","0","Dr. R. V Atrs and Science College , Karaadai","2025-08-30 10:55:03","005gL000006eHd0QAE","2025-08-30 10:55:03","005gL000006eHd0QAE","2025-08-30 10:55:03","00DgL00000A6PxI","LoginsWithSSO2FA","0","2025-08-29 00:00:00","2025-08-29 23:59:59","b5414dc2459148589168b4bc94d68f72","ffffffff94d6f3e9ffffffffbe01fbc0","0"
"4a8gL00000IjcLTQAZ","0","Dr. R. V Atrs and Science College , Karaadai","2025-08-30 10:55:03","005gL000006eHd0QAE","2025-08-30 10:55:03","005gL000006eHd0QAE","2025-08-30 10:55:03","00DgL00000A6PxI","LoginsWithOAUTH2FA","0","2025-08-29 00:00:00","2025-08-29 23:59:59","a7e615a993994773870d823f9981ed93","ffffffff94d6f3e9ffffffffd0680c48","0"
"4a8gL00000IjcLUQAZ","0","Dr. R. V Atrs and Science College , Karaadai","2025-08-30 10:55:03","005gL000006eHd0QAE","2025-08-30 10:55:03","005gL000006eHd0QAE","2025-08-30 10:55:03","00DgL00000A6PxI","LoginsWithOAUTH","1","2025-08-29 00:00:00","2025-08-29 23:59:59","7b9ba66ac47841a2b2648f0f6db3f4be","ffffffff94d6f3e9000000001e05dc67","0"
"4a8gL00000IjhhhQAB","0","Dr. R. V Atrs and Science College , Karaadai","2025-08-30 10:55:03","005gL000006eHd0QAE","2025-08-30 10:55:03","005gL000006eHd0QAE","2025-08-30 10:55:03","00DgL00000A6PxI","LoginsWithPWLESS","0","2025-08-29 00:00:00","2025-08-29 23:59:59","9de86485ebf14cb6b5f99a6f22e859f1","ffffffff94d6f3e9ffffffffa4dccefe","0"
"4a8gL00000IjhhiQAB","0","Dr. R. V Atrs and Science College , Karaadai","2025-08-30 10:55:03","005gL000006eHd0QAE","2025-08-30 10:55:03","005gL000006eHd0QAE","2025-08-30 10:55:03","00DgL00000A6PxI","LoginsWithPWLESS2FA","0","2025-08-29 00:00:00","2025-08-29 23:59:59","7122de98000b4015bd952ad8e4dd65e8","ffffffff94d6f3e90000000040187e51","0"
"4a8gL00000IxoHPQAZ","0","Dr. R. V Atrs and Science College , Karaadai","2025-08-31 10:56:21","005gL000006eHd0QAE","2025-08-31 10:56:21","005gL000006eHd0QAE","2025-08-31 10:56:21","00DgL00000A6PxI","LoginsWithExternalUser","0","2025-08-30 00:00:00","2025-08-30 23:59:59","11f83558d2a7470491c862dfe8c930aa","000000003beee5ee00000000593a7a8d","0"
"4a8gL00000IxoHQQAZ","0","Dr. R. V Atrs and Science College , Karaadai","2025-08-31 10:56:21","005gL000006eHd0QAE","2025-08-31 10:56:21","005gL000006eHd0QAE","2025-08-31 10:56:21","00DgL00000A6PxI","LoginsWithExternalUser2FA","0","2025-08-30 00:00:00","2025-08-30 23:59:59","a259ab45c2344ee28cf60e9982159d39","000000003beee5ee000000006c22d28c","0"
"4a8gL00000IyLEXQA3","0","Dr. R. V Atrs and Science College , Karaadai","2025-08-31 10:56:21","005gL000006eHd0QAE","2025-08-31 10:56:21","005gL000006eHd0QAE","2025-08-31 10:56:21","00DgL00000A6PxI","LoginsWithSSO","0","2025-08-30 00:00:00","2025-08-30 23:59:59","bfef431067414bd9a72e6912e06df02a","000000003beee5ee00000000717ed1f4","0"
"4a8gL00000IyLEYQA3","0","Dr. R. V Atrs and Science College , Karaadai","2025-08-31 10:56:21","005gL000006eHd0QAE","2025-08-31 10:56:21","005gL000006eHd0QAE","2025-08-31 10:56:21","00DgL00000A6PxI","LoginsWithSSO2FA","0","2025-08-30 00:00:00","2025-08-30 23:59:59","c88783c86e9347a8a26ae977ea23c7c3","000000003beee5ee000000006519edc5","0"
"4a8gL00000IySyrQAF","0","Dr. R. V Atrs and Science College , Karaadai","2025-08-31 10:56:21","005gL000006eHd0QAE","2025-08-31 10:56:21","005gL000006eHd0QAE","2025-08-31 10:56:21","00DgL00000A6PxI","LoginsWithUNPW2FA","0","2025-08-30 00:00:00","2025-08-30 23:59:59","0925e786abc647df940ccd293a006fc2","000000003beee5eeffffffffa2ba4696","0"
"4a8gL00000IySysQAF","0","Dr. R. V Atrs and Science College , Karaadai","2025-08-31 10:56:21","005gL000006eHd0QAE","2025-08-31 10:56:21","005gL000006eHd0QAE","2025-08-31 10:56:21","00DgL00000A6PxI","LoginsWithUNPW","1","2025-08-30 00:00:00","2025-08-30 23:59:59","6623b99be5e34bec90ff4bd29e9d800c","000000003beee5eeffffffffc56492c3","0"
"4a8gL00000IyYMbQAN","0","Dr. R. V Atrs and Science College , Karaadai","2025-08-31 10:56:21","005gL000006eHd0QAE","2025-08-31 10:56:21","005gL000006eHd0QAE","2025-08-31 10:56:21","00DgL00000A6PxI","LoginsWithPWLESS","0","2025-08-30 00:00:00","2025-08-30 23:59:59","cca64fb1f98f4349bc8170bd30a5b1d9","000000003beee5ee000000004bf4c103","0"
"4a8gL00000IyYMcQAN","0","Dr. R. V Atrs and Science College , Karaadai","2025-08-31 10:56:21","005gL000006eHd0QAE","2025-08-31 10:56:21","005gL000006eHd0QAE","2025-08-31 10:56:21","00DgL00000A6PxI","LoginsWithPWLESS2FA","0","2025-08-30 00:00:00","2025-08-30 23:59:59","5d4db32d7cc248d6b26345d2ea61082d","000000003beee5eeffffffffe7307056","0"
"4a8gL00000IyYapQAF","0","Dr. R. V Atrs and Science College , Karaadai","2025-08-31 10:56:21","005gL000006eHd0QAE","2025-08-31 10:56:21","005gL000006eHd0QAE","2025-08-31 10:56:21","00DgL00000A6PxI","LoginsWithOAUTH2FA","0","2025-08-30 00:00:00","2025-08-30 23:59:59","16dc02364bd44cc49d76ad96bd7c72bb","000000003beee5ee00000000777ffe4d","0"
"4a8gL00000IyYaqQAF","0","Dr. R. V Atrs and Science College , Karaadai","2025-08-31 10:56:21","005gL000006eHd0QAE","2025-08-31 10:56:21","005gL000006eHd0QAE","2025-08-31 10:56:21","00DgL00000A6PxI","LoginsWithOAUTH","1","2025-08-30 00:00:00","2025-08-30 23:59:59","16eff59e60f049ecbd45bdbcd79b92d6","000000003beee5eeffffffffc51dce6c","0"
"4a8gL00000JEclDQAT","0","Dr. R. V Atrs and Science College , Karaadai","2025-09-01 14:58:19","005gL000006eHd0QAE","2025-09-01 14:58:19","005gL000006eHd0QAE","2025-09-01 14:58:19","00DgL00000A6PxI","LoginsWithExternalUser","0","2025-08-31 00:00:00","2025-08-31 23:59:59","ecf6eb249547440e9d3c38db8221c493","ffffffff9b8c9d88ffffffffb8d83227","0"
"4a8gL00000JEclEQAT","0","Dr. R. V Atrs and Science College , Karaadai","2025-09-01 14:58:20","005gL000006eHd0QAE","2025-09-01 14:58:20","005gL000006eHd0QAE","2025-09-01 14:58:20","00DgL00000A6PxI","LoginsWithExternalUser2FA","0","2025-08-31 00:00:00","2025-08-31 23:59:59","1b09393881974cd5ad73897da4b5d866","ffffffff9b8c9d88ffffffffcbc08a26","0"
"4a8gL00000JEzRXQA1","0","Dr. R. V Atrs and Science College , Karaadai","2025-09-01 14:58:19","005gL000006eHd0QAE","2025-09-01 14:58:19","005gL000006eHd0QAE","2025-09-01 14:58:19","00DgL00000A6PxI","LoginsWithUNPW","0","2025-08-31 00:00:00","2025-08-31 23:59:59","2eca44dbb3c14744b3d89167f5e84f8d","ffffffff9b8c9d880000000025024a5d","0"
"4a8gL00000JEzRYQA1","0","Dr. R. V Atrs and Science College , Karaadai","2025-09-01 14:58:19","005gL000006eHd0QAE","2025-09-01 14:58:19","005gL000006eHd0QAE","2025-09-01 14:58:19","00DgL00000A6PxI","LoginsWithUNPW2FA","0","2025-08-31 00:00:00","2025-08-31 23:59:59","b02bc82e488a4927a152e48359c45be5","ffffffff9b8c9d88000000000257fe30","0"
"4a8gL00000JFEJfQAP","0","Dr. R. V Atrs and Science College , Karaadai","2025-09-01 14:58:20","005gL000006eHd0QAE","2025-09-01 14:58:20","005gL000006eHd0QAE","2025-09-01 14:58:20","00DgL00000A6PxI","LoginsWithSSO","0","2025-08-31 00:00:00","2025-08-31 23:59:59","b37dd834f94c4004b47f62efe1bbea99","ffffffff9b8c9d88ffffffffd11c898e","0"
"4a8gL00000JFEJgQAP","0","Dr. R. V Atrs and Science College , Karaadai","2025-09-01 14:58:20","005gL000006eHd0QAE","2025-09-01 14:58:20","005gL000006eHd0QAE","2025-09-01 14:58:20","00DgL00000A6PxI","LoginsWithSSO2FA","0","2025-08-31 00:00:00","2025-08-31 23:59:59","5575e702bb9647ab8560d4c73258e963","ffffffff9b8c9d88ffffffffc4b7a55f","0"
"4a8gL00000JFFZXQA5","0","Dr. R. V Atrs and Science College , Karaadai","2025-09-01 14:58:18","005gL000006eHd0QAE","2025-09-01 14:58:18","005gL000006eHd0QAE","2025-09-01 14:58:18","00DgL00000A6PxI","LoginsWithOAUTH","0","2025-08-31 00:00:00","2025-08-31 23:59:59","71632a322c7e4cf1bda12cb40aa2446e","ffffffff9b8c9d880000000024bb8606","0"
"4a8gL00000JFFZYQA5","0","Dr. R. V Atrs and Science College , Karaadai","2025-09-01 14:58:18","005gL000006eHd0QAE","2025-09-01 14:58:18","005gL000006eHd0QAE","2025-09-01 14:58:18","00DgL00000A6PxI","LoginsWithOAUTH2FA","0","2025-08-31 00:00:00","2025-08-31 23:59:59","ff661ea91fd44c5ea2e24441886f2442","ffffffff9b8c9d88ffffffffd71db5e7","0"
"4a8gL00000JFfG1QAL","0","Dr. R. V Atrs and Science College , Karaadai","2025-09-01 14:58:25","005gL000006eHd0QAE","2025-09-01 14:58:25","005gL000006eHd0QAE","2025-09-01 14:58:25","00DgL00000A6PxI","LoginsWithPWLESS","0","2025-08-31 00:00:00","2025-08-31 23:59:59","8f803939a49347bb952c3a72f8c7552f","ffffffff9b8c9d88ffffffffab92789d","0"
"4a8gL00000JFfG2QAL","0","Dr. R. V Atrs and Science College , Karaadai","2025-09-01 14:58:25","005gL000006eHd0QAE","2025-09-01 14:58:25","005gL000006eHd0QAE","2025-09-01 14:58:25","00DgL00000A6PxI","LoginsWithPWLESS2FA","0","2025-08-31 00:00:00","2025-08-31 23:59:59","4d19e9096e7b46c5bc8029a3742157d4","ffffffff9b8c9d880000000046ce27f0","0"
"4a8gL00000JRTJvQAP","0","Dr. R. V Atrs and Science College , Karaadai","2025-09-02 12:22:47","005gL000006eHd0QAE","2025-09-02 12:22:47","005gL000006eHd0QAE","2025-09-02 12:22:47","00DgL00000A6PxI","LoginsWithSSO","0","2025-09-01 00:00:00","2025-09-01 23:59:59","61e12e55c20048d395d21060de070953","000000001f001a2d0000000054900633","0"
"4a8gL00000JRTJwQAP","0","Dr. R. V Atrs and Science College , Karaadai","2025-09-02 12:22:47","005gL000006eHd0QAE","2025-09-02 12:22:47","005gL000006eHd0QAE","2025-09-02 12:22:47","00DgL00000A6PxI","LoginsWithSSO2FA","0","2025-09-01 00:00:00","2025-09-01 23:59:59","b6766665233248d9bbe2b266c4cd4dbb","000000001f001a2d00000000482b2204","0"
"4a8gL00000JSMwLQAX","0","Dr. R. V Atrs and Science College , Karaadai","2025-09-02 12:22:46","005gL000006eHd0QAE","2025-09-02 12:22:46","005gL000006eHd0QAE","2025-09-02 12:22:46","00DgL00000A6PxI","LoginsWithExternalUser","0","2025-09-01 00:00:00","2025-09-01 23:59:59","0e278610c10a4fcfa4a9e9685901f5aa","000000001f001a2d000000003c4baecc","0"
"4a8gL00000JSMwMQAX","0","Dr. R. V Atrs and Science College , Karaadai","2025-09-02 12:22:46","005gL000006eHd0QAE","2025-09-02 12:22:46","005gL000006eHd0QAE","2025-09-02 12:22:46","00DgL00000A6PxI","LoginsWithExternalUser2FA","0","2025-09-01 00:00:00","2025-09-01 23:59:59","3978ea4a0e424b97800ff6a356686de3","000000001f001a2d000000004f3406cb","0"
"4a8gL00000JSNaPQAX","0","Dr. R. V Atrs and Science College , Karaadai","2025-09-02 12:22:45","005gL000006eHd0QAE","2025-09-02 12:22:45","005gL000006eHd0QAE","2025-09-02 12:22:45","00DgL00000A6PxI","LoginsWithOAUTH","0","2025-09-01 00:00:00","2025-09-01 23:59:59","a6168589ffa842d8a2335352c69a528a","000000001f001a2dffffffffa82f02ab","0"
"4a8gL00000JSNaQQAX","0","Dr. R. V Atrs and Science College , Karaadai","2025-09-02 12:22:45","005gL000006eHd0QAE","2025-09-02 12:22:45","005gL000006eHd0QAE","2025-09-02 12:22:45","00DgL00000A6PxI","LoginsWithOAUTH2FA","0","2025-09-01 00:00:00","2025-09-01 23:59:59","6a51510fac0a4541a21443716a3d8f01","000000001f001a2d000000005a91328c","0"
"4a8gL00000JSPn3QAH","0","Dr. R. V Atrs and Science College , Karaadai","2025-09-02 12:22:47","005gL000006eHd0QAE","2025-09-02 12:22:47","005gL000006eHd0QAE","2025-09-02 12:22:47","00DgL00000A6PxI","LoginsWithUNPW","0","2025-09-01 00:00:00","2025-09-01 23:59:59","a70682a3a46c41b994dd123ab89ec374","000000001f001a2dffffffffa875c702","0"
"4a8gL00000JSPn4QAH","0","Dr. R. V Atrs and Science College , Karaadai","2025-09-02 12:22:47","005gL000006eHd0QAE","2025-09-02 12:22:47","005gL000006eHd0QAE","2025-09-02 12:22:47","00DgL00000A6PxI","LoginsWithUNPW2FA","0","2025-09-01 00:00:00","2025-09-01 23:59:59","0b82e9bb353049ae83e313e44390a238","000000001f001a2dffffffff85cb7ad5","0"
"4a8gL00000JSPrrQAH","0","Dr. R. V Atrs and Science College , Karaadai","2025-09-02 12:22:45","005gL000006eHd0QAE","2025-09-02 12:22:45","005gL000006eHd0QAE","2025-09-02 12:22:45","00DgL00000A6PxI","LoginsWithPWLESS","0","2025-09-01 00:00:00","2025-09-01 23:59:59","745adc1a24cc4a6a9bc5116c7225dbf5","000000001f001a2d000000002f05f542","0"
"4a8gL00000JSPrsQAH","0","Dr. R. V Atrs and Science College , Karaadai","2025-09-02 12:22:45","005gL000006eHd0QAE","2025-09-02 12:22:45","005gL000006eHd0QAE","2025-09-02 12:22:45","00DgL00000A6PxI","LoginsWithPWLESS2FA","0","2025-09-01 00:00:00","2025-09-01 23:59:59","c8dadbe0f78d4c7fabf1a1553f81d995","000000001f001a2dffffffffca41a495","0"
