"Id","IsDeleted","Name","CreatedDate","CreatedById","LastModifiedDate","LastModifiedById","SystemModstamp","UserId","Questionnaire","Status"
"4QSgL000003J5YXWA0","0","health_cloud_industries","2025-08-26 14:10:41","005gL000006eHQ5QAM","2025-08-26 14:10:41","005gL000006eHQ5QAM","2025-08-26 14:10:41","005gL000006eHQ5QAM","health_cloud_industries","Invisible"
"4QSgL000003J5YYWA0","0","terms_of_service","2025-08-26 14:10:41","005gL000006eHQ5QAM","2025-08-26 14:10:41","005gL000006eHQ5QAM","2025-08-26 14:10:41","005gL000006eHQ5QAM","terms_of_service","Invisible"
"4QSgL000003J5YZWA0","0","gs_crm","2025-08-26 14:10:41","005gL000006eHQ5QAM","2025-08-26 14:10:41","005gL000006eHQ5QAM","2025-08-26 14:10:41","005gL000006eHQ5QAM","gs_crm","Invisible"
"4QSgL000003J5YaWAK","0","gs_not_crm","2025-08-26 14:10:41","005gL000006eHQ5QAM","2025-08-26 14:10:41","005gL000006eHQ5QAM","2025-08-26 14:10:41","005gL000006eHQ5QAM","gs_not_crm","Invisible"
"4QSgL000003J5YbWAK","0","value_assessment","2025-08-26 14:10:41","005gL000006eHQ5QAM","2025-08-26 14:10:41","005gL000006eHQ5QAM","2025-08-26 14:10:41","005gL000006eHQ5QAM","value_assessment","Invisible"
"4QSgL000003J5YcWAK","0","finserv_onboarding","2025-08-26 14:10:41","005gL000006eHQ5QAM","2025-08-26 14:10:41","005gL000006eHQ5QAM","2025-08-26 14:10:41","005gL000006eHQ5QAM","finserv_onboarding","Invisible"
