"Id","Username","FirstName","LastName","CompanyName","Division","Department","Title","Street","City","State","PostalCode","Country","StateCode","CountryCode","Latitude","Longitude","GeocodeAccuracy","Email","SenderEmail","SenderName","Signature","StayInTouchSubject","StayInTouchSignature","StayInTouchNote","Phone","Fax","MobilePhone","Alias","CommunityNickname","IsActive","IsSystemControlled","TimeZoneSidKey","UserRoleId","LocaleSidKey","ReceivesInfoEmails","ReceivesAdminInfoEmails","EmailEncodingKey","ProfileId","UserType","UserSubtype","StartDay","EndDay","LanguageLocaleKey","EmployeeNumber","DelegatedApproverId","ManagerId","LastLoginDate","LastPasswordChangeDate","CreatedDate","CreatedById","LastModifiedDate","LastModifiedById","SystemModstamp","PasswordExpirationDate","NumberOfFailedLogins","SuAccessExpirationDate","SuOrgAdminExpirationDate","OfflineTrialExpirationDate","WirelessTrialExpirationDate","OfflinePdaTrialExpirationDate","ForecastEnabled","ContactId","AccountId","CallCenterId","Extension","FederationIdentifier","AboutMe","LoginLimit","ProfilePhotoId","DigestFrequency","DefaultGroupNotificationFrequency","JigsawImportLimitOverride","WorkspaceId","SharingType","ChatterAdoptionStage","ChatterAdoptionStageModifiedDate","BannerPhotoId","IsProfilePhotoActive","IndividualId","GlobalIdentity"
"005gL000006eHQ5QAM","epic.3ee78b8b25fe@orgfarm.salesforce.com","OrgFarm","EPIC","EPIC OrgFarm","","","","","","","","United States","","US","","","","epic.orgfarm@salesforce.com","","","","","","","","","","OEPIC","User17562174416971640899","1","0","America/Los_Angeles","000000000000000AAA","en_US","1","1","UTF-8","00egL0000046nGfQAI","Standard","","6","23","en_US","","000000000000000AAA","000000000000000AAA","2025-08-30 05:09:37","2025-08-26 14:19:19","2025-08-26 14:10:41","005gL000006eHQ5QAM","2025-08-29 03:35:16","005gL000006eHQ5QAM","2025-08-29 03:35:16","2025-08-25 14:19:19","0","","","","","","1","000000000000000AAA","000000000000000AAA","","","","","","","D","N","300","1degL000003ZHHBQA4","Standard","NU","2019-03-26 06:00:07","","0","000000000000000AAA","71f3ec26-732a-4245-9944-01ddb6dcb952"
"005gL000006eHczQAE","integration@00dgl00000a6pxiuav.com","Integration","User","EPIC OrgFarm","","","","","","","","US","","US","","","","noreply@example.com","","Salesforce Analytics","","","","","","","","integ","integration1.4407085834085586E12","1","0","America/Los_Angeles","000000000000000AAA","en_US","1","0","UTF-8","00egL0000046nGgQAI","Standard","","6","23","en_US","","000000000000000AAA","000000000000000AAA","","","2025-08-26 14:10:41","005gL000006eHQ5QAM","2025-08-26 14:10:41","005gL000006eHd0QAE","2025-08-27 06:34:44","","","","","","","","0","000000000000000AAA","000000000000000AAA","","","","","","","N","N","","000000000000000AAA","Standard","","","","0","000000000000000AAA","b3aab1b8-94ff-4b95-9899-ad830eb97363"
"005gL000006eHd0QAE","autoproc@00dgl00000a6pxiuav","Automated","Process","EPIC OrgFarm","","","","","","","","US","","US","","","","noreply@00dgl00000a6pxiuav","","","","","","","","","","autoproc","automatedprocess","1","0","America/Los_Angeles","000000000000000AAA","en_US","1","0","UTF-8","00egL0000046nGhQAI","AutomatedProcess","","","","en_US","","000000000000000AAA","","","","2025-08-26 14:10:41","005gL000006eHd1QAE","2025-08-26 14:10:41","005gL000006eHd1QAE","2025-08-26 14:19:19","","","","","","","","0","000000000000000AAA","000000000000000AAA","","","","","","","D","N","","","AutomatedProcess","NU","2015-05-09 05:00:29","","0","",""
"005gL000006eHd1QAE","sfdcadmin@00dgl00000a6pxiuav","Salesforce","Administrator","EPIC OrgFarm","","","","","","","","US","","US","","","","noreply@00dgl00000a6pxiuav","","","","","","","","","","sfdcadmn","sfdcadmn","1","0","America/Los_Angeles","000000000000000AAA","en_US","1","0","UTF-8","00egL0000046nGiQAI","SfdcAdmin","","","","en_US","","000000000000000AAA","","","","2025-08-26 14:10:41","005gL000006eHQ5QAM","2025-08-26 14:10:41","005gL000006eHQ5QAM","2025-08-26 14:19:19","","","","","","","","0","000000000000000AAA","000000000000000AAA","","","","","","","D","N","","","SfdcAdmin","NU","2015-05-09 05:00:29","","0","",""
"005gL000006eHd2QAE","cloud@00dgl00000a6pxiuav","","Platform Integration User","EPIC OrgFarm","","","","","","","","US","","US","","","","noreply@00dgl00000a6pxiuav","","","","","","","","","","platint","User15819534473983570716","1","0","America/Los_Angeles","000000000000000AAA","en_US","1","0","UTF-8","00egL0000046nGjQAI","CloudIntegrationUser","","","","en_US","","000000000000000AAA","000000000000000AAA","","","2025-08-26 14:10:41","005gL000006eHd1QAE","2025-08-26 14:10:41","005gL000006eHd1QAE","2025-08-26 14:19:19","","","","","","","","0","000000000000000AAA","000000000000000AAA","","","","","","","N","N","","000000000000000AAA","CloudIntegrationUser","","","","0","000000000000000AAA",""
"005gL000006eHd3QAE","automatedclean@00dgl00000a6pxiuav","","Data.com Clean","EPIC OrgFarm","","","","","","","","US","","US","","","","noreply@00dgl00000a6pxiuav","","","","","","","","","","autocln","User15819537108698329215","1","0","America/Los_Angeles","000000000000000AAA","en_US","1","0","UTF-8","00egL0000046nGhQAI","AutomatedProcess","Clean","","","en_US","","000000000000000AAA","000000000000000AAA","","","2025-08-26 14:10:41","005gL000006eHd1QAE","2025-08-26 14:10:41","005gL000006eHd1QAE","2025-08-26 14:19:19","","","","","","","","0","000000000000000AAA","000000000000000AAA","","","","","","","N","N","","000000000000000AAA","AutomatedProcess","","","","0","000000000000000AAA",""
"005gL000006eHd4QAE","chatty.00dgl00000a6pxiuav.wfd7kvutzijd@chatter.salesforce.com","","Chatter Expert","EPIC OrgFarm","","","","","","","","US","","US","","","","noreply@example.com","","","","","","","","","","Chatter","Chatter Expert","1","0","America/Los_Angeles","000000000000000AAA","en_US","1","0","UTF-8","00egL0000046nGkQAI","CsnOnly","","","","en_US","","000000000000000AAA","000000000000000AAA","","","2025-08-26 14:10:41","005gL000006eHQ5QAM","2025-08-26 14:10:41","005gL000006eHQ5QAM","2025-08-27 06:34:44","","","","","","","","0","000000000000000AAA","000000000000000AAA","","","","I?m here to help you get started with Chatter. I?ll introduce you to features, create sample posts, and suggest tips and best practices.  I'm an automated user so you don't need to worry about privacy! I can't see any of your posts or files.  If I'm too noisy, have your admin or moderator deactivate me and I'll stop posting.","","729gL000003QsZJQA0","D","N","","000000000000000AAA","CsnOnly","","","","1","","4c11f8a2-c214-4672-abb6-da5c02bfc0da"
"005gL000006eHd5QAE","insightssecurity@00dgl00000a6pxiuav.com","Security","User","EPIC OrgFarm","","","","","","","","US","","US","","","","noreply@example.com","","Salesforce Analytics","","","","","","","","sec","insightssecurity1.4407085845464958E12","1","0","America/Los_Angeles","000000000000000AAA","en_US","1","0","UTF-8","00egL0000046nGlQAI","Standard","","6","23","en_US","","000000000000000AAA","000000000000000AAA","","","2025-08-26 14:10:41","005gL000006eHQ5QAM","2025-08-26 14:10:41","005gL000006eHd0QAE","2025-08-27 06:34:44","","","","","","","","0","000000000000000AAA","000000000000000AAA","","","","","","","N","N","","000000000000000AAA","Standard","","","","0","000000000000000AAA","8f4ec5ac-e947-41e4-969b-2f79abd5151c"
"005gL000006eHd6QAE","externalwho@00dgl00000a6pxiuav","Public","User","EPIC OrgFarm","","","","","","","","US","","US","","","","noreply@00dgl00000a6pxiuav","","","","","","","","","","extwho","User1739853016454860602","1","0","America/Los_Angeles","000000000000000AAA","en_US","1","0","UTF-8","00egL0000046nGmQAI","ExternalWho","Sfdc","","","en_US","","000000000000000AAA","000000000000000AAA","","","2025-08-26 14:10:41","005gL000006eHd1QAE","2025-08-26 14:10:41","005gL000006eHd1QAE","2025-08-26 14:19:19","","","","","","","","0","000000000000000AAA","000000000000000AAA","","","","","","","N","N","","000000000000000AAA","ExternalWho","","","","0","000000000000000AAA",""
"005gL000006trBXQAY","malumathi430619@agentforce.com","Thilagavathi","s","Dr. R. V Atrs and Science College , Karaadai","","","","","","","","","","","","","","malumathi430@gmail.com","","","","","","","","","+91 8778434510","mal","User17565305781583373235","1","0","America/Los_Angeles","000000000000000AAA","en_US","0","0","UTF-8","00egL0000046nGfQAI","Standard","","6","23","en_US","","000000000000000AAA","000000000000000AAA","2025-09-03 07:50:55","2025-08-30 05:11:58","2025-08-30 05:09:38","005gL000006eHQ5QAM","2025-09-03 07:51:30","005gL000006trBXQAY","2025-09-03 07:51:30","2025-11-28 05:11:58","0","","","","","","0","000000000000000AAA","000000000000000AAA","","","","","","","D","N","","000000000000000AAA","Standard","","","","0","000000000000000AAA","656c0cc1-bca9-4dda-85c6-42da4dd6dc9a"
