"Id","Name","ParentRoleId","RollupDescription","OpportunityAccessForAccountOwner","CaseAccessForAccountOwner","ContactAccessForAccountOwner","ForecastUserId","MayForecastManagerShare","LastModifiedDate","LastModifiedById","SystemModstamp","PortalAccountId","PortalType","PortalRole","PortalAccountOwnerId"
"00EgL000003nv1pUAA","CEO","000000000000000AAA","CEO","Edit","Edit","Edit","","0","2025-08-26 14:10:41","005gL000006eHQ5QAM","2025-08-26 14:10:41","","None","",""
"00EgL000003nv1qUAA","SVP, Sales & Marketing","00EgL000003nv1pUAA","SVP, Sales & Marketing","Edit","Edit","Edit","","0","2025-08-26 14:10:41","005gL000006eHQ5QAM","2025-08-26 14:10:41","","None","",""
"00EgL000003nv1rUAA","VP, North American Sales","00EgL000003nv1qUAA","VP, North American Sales","Edit","Edit","Edit","","0","2025-08-26 14:10:41","005gL000006eHQ5QAM","2025-08-26 14:10:41","","None","",""
"00EgL000003nv1sUAA","Director, Direct Sales","00EgL000003nv1rUAA","Director, Direct Sales","Edit","Edit","Edit","","0","2025-08-26 14:10:41","005gL000006eHQ5QAM","2025-08-26 14:10:41","","None","",""
"00EgL000003nv1tUAA","VP, Marketing","00EgL000003nv1qUAA","VP, Marketing","Edit","Edit","Edit","","0","2025-08-26 14:10:41","005gL000006eHQ5QAM","2025-08-26 14:10:41","","None","",""
"00EgL000003nv1uUAA","SVP, Customer Service & Support","00EgL000003nv1pUAA","SVP, Customer Service & Support","Edit","Edit","Edit","","0","2025-08-26 14:10:41","005gL000006eHQ5QAM","2025-08-26 14:10:41","","None","",""
"00EgL000003nv1vUAA","Director, Channel Sales","00EgL000003nv1rUAA","Director, Channel Sales","Edit","Edit","Edit","","0","2025-08-26 14:10:41","005gL000006eHQ5QAM","2025-08-26 14:10:41","","None","",""
"00EgL000003nv1wUAA","CFO","00EgL000003nv1pUAA","CFO","Edit","Edit","Edit","","0","2025-08-26 14:10:41","005gL000006eHQ5QAM","2025-08-26 14:10:41","","None","",""
"00EgL000003nv1xUAA","Western Sales Team","00EgL000003nv1sUAA","Western Sales Team","Edit","Edit","Edit","","0","2025-08-26 14:10:41","005gL000006eHQ5QAM","2025-08-26 14:10:41","","None","",""
"00EgL000003nv1yUAA","Customer Support, North America","00EgL000003nv1uUAA","Customer Support, North America","Edit","Edit","Edit","","0","2025-08-26 14:10:41","005gL000006eHQ5QAM","2025-08-26 14:10:41","","None","",""
"00EgL000003nv1zUAA","Channel Sales Team","00EgL000003nv1vUAA","Channel Sales Team","Edit","Edit","Edit","","0","2025-08-26 14:10:41","005gL000006eHQ5QAM","2025-08-26 14:10:41","","None","",""
"00EgL000003nv20UAA","Marketing Team","00EgL000003nv1tUAA","Marketing Team","Edit","Edit","Edit","","0","2025-08-26 14:10:41","005gL000006eHQ5QAM","2025-08-26 14:10:41","","None","",""
"00EgL000003nv21UAA","Installation & Repair Services","00EgL000003nv1uUAA","Installation & Repair Services","Edit","Edit","Edit","","0","2025-08-26 14:10:41","005gL000006eHQ5QAM","2025-08-26 14:10:41","","None","",""
"00EgL000003nv22UAA","Eastern Sales Team","00EgL000003nv1sUAA","Eastern Sales Team","Edit","Edit","Edit","","0","2025-08-26 14:10:41","005gL000006eHQ5QAM","2025-08-26 14:10:41","","None","",""
"00EgL000003nv23UAA","Customer Support, International","00EgL000003nv1uUAA","Customer Support, International","Edit","Edit","Edit","","0","2025-08-26 14:10:41","005gL000006eHQ5QAM","2025-08-26 14:10:41","","None","",""
"00EgL000003nv24UAA","VP, International Sales","00EgL000003nv1qUAA","VP, International Sales","Edit","Edit","Edit","","0","2025-08-26 14:10:41","005gL000006eHQ5QAM","2025-08-26 14:10:41","","None","",""
"00EgL000003nv25UAA","SVP, Human Resources","00EgL000003nv1pUAA","SVP, Human Resources","Edit","Edit","Edit","","0","2025-08-26 14:10:41","005gL000006eHQ5QAM","2025-08-26 14:10:41","","None","",""
"00EgL000003nv26UAA","COO","00EgL000003nv1pUAA","COO","Edit","Edit","Edit","","0","2025-08-26 14:10:41","005gL000006eHQ5QAM","2025-08-26 14:10:41","","None","",""
