"Id","IsDeleted","Name","CreatedDate","CreatedById","LastModifiedDate","LastModifiedById","SystemModstamp","UserId","Assistant","Status","CompletionDate","PersistedRules","IsArchived"
"4SSgL000003oIXtWAM","0","sales_engagement_gs","2025-08-26 14:10:41","005gL000006eHQ5QAM","2025-08-26 14:10:41","005gL000006eHQ5QAM","2025-08-26 14:10:41","005gL000006eHQ5QAM","sales_engagement_gs","NotStarted","","SalesEngagementVisibilityRule","0"
"4SSgL000003oIXuWAM","0","Einstein_Scoring","2025-08-26 14:10:41","005gL000006eHQ5QAM","2025-08-26 14:10:41","005gL000006eHQ5QAM","2025-08-26 14:10:41","005gL000006eHQ5QAM","Einstein_Scoring","NotStarted","","EinsteinScoringVisibilityRule","0"
"4SSgL000003oIXvWAM","0","SE_Rollout","2025-08-26 14:10:41","005gL000006eHQ5QAM","2025-08-26 14:10:41","005gL000006eHQ5QAM","2025-08-26 14:10:41","005gL000006eHQ5QAM","SE_Rollout","NotStarted","","SE_Rollout_Visibility_Rule","0"
"4SSgL000003oIXwWAM","0","csg_order_mngmt_commerce","2025-08-26 14:10:41","005gL000006eHQ5QAM","2025-08-26 14:10:41","005gL000006eHQ5QAM","2025-08-26 14:10:41","005gL000006eHQ5QAM","csg_order_mngmt_commerce","NotStarted","","csg_commerce","0"
"4SSgL000003oIXxWAM","0","Service_Automate_Case_Routing","2025-08-26 14:10:41","005gL000006eHQ5QAM","2025-08-26 14:10:41","005gL000006eHQ5QAM","2025-08-26 14:10:41","005gL000006eHQ5QAM","Service_Automate_Case_Routing","NotStarted","","automate_case_routing","0"
"4SSgL000003oIXyWAM","0","SchedulerSettings","2025-08-26 14:10:41","005gL000006eHQ5QAM","2025-08-26 14:10:41","005gL000006eHQ5QAM","2025-08-26 14:10:41","005gL000006eHQ5QAM","SchedulerSettings","NotStarted","","ManageSchedulerVisibilityRule","0"
"4SSgL000003oIXzWAM","0","SE_Email","2025-08-26 14:10:41","005gL000006eHQ5QAM","2025-08-26 14:10:41","005gL000006eHQ5QAM","2025-08-26 14:10:41","005gL000006eHQ5QAM","SE_Email","NotStarted","","EmailIntegrationVisibility,GmailIntegrationVisibility,InboxIntegrationVisibility,OutlookIntegrationVisibility","0"
"4SSgL000003oIY0WAM","0","capture_cases_service","2025-08-26 14:10:41","005gL000006eHQ5QAM","2025-08-26 14:10:41","005gL000006eHQ5QAM","2025-08-26 14:10:41","005gL000006eHQ5QAM","capture_cases_service","NotStarted","","capture_cases_visibility","0"
"4SSgL000003oIY1WAM","0","Gettoknowfieldservice_csg","2025-08-26 14:10:41","005gL000006eHQ5QAM","2025-08-26 14:10:41","005gL000006eHQ5QAM","2025-08-26 14:10:41","005gL000006eHQ5QAM","Gettoknowfieldservice_csg","NotStarted","","FieldService_Visibility","0"
"4SSgL000003oIY2WAM","0","Enablefieldservice_csg","2025-08-26 14:10:41","005gL000006eHQ5QAM","2025-08-26 14:10:41","005gL000006eHQ5QAM","2025-08-26 14:10:41","005gL000006eHQ5QAM","Enablefieldservice_csg","NotStarted","","EnableFieldServiceVisibility","0"
"4SSgL000003oIY3WAM","0","service_console","2025-08-26 14:10:41","005gL000006eHQ5QAM","2025-08-26 14:10:41","005gL000006eHQ5QAM","2025-08-26 14:10:41","005gL000006eHQ5QAM","service_console","NotStarted","","service_console_visibility","0"
"4SSgL000003oIY4WAM","0","SchedulerSetup","2025-08-26 14:10:41","005gL000006eHQ5QAM","2025-08-26 14:10:41","005gL000006eHQ5QAM","2025-08-26 14:10:41","005gL000006eHQ5QAM","SchedulerSetup","NotStarted","","SetupSchedulerVisibilityRule","0"
"4SSgL000003oIY5WAM","0","digital_engagement","2025-08-26 14:10:41","005gL000006eHQ5QAM","2025-08-26 14:10:41","005gL000006eHQ5QAM","2025-08-26 14:10:41","005gL000006eHQ5QAM","digital_engagement","NotStarted","","digital_engagement_onboarding","0"
"4SSgL000003oIY6WAM","0","csg_scheduler_request_appointments","2025-08-26 14:10:41","005gL000006eHQ5QAM","2025-08-26 14:10:41","005gL000006eHQ5QAM","2025-08-26 14:10:41","005gL000006eHQ5QAM","csg_scheduler_request_appointments","NotStarted","","csg_scheduler_request_appointments_Visibility","0"
"4SSgL000003oIY7WAM","0","csg_scheduler_internal_users","2025-08-26 14:10:41","005gL000006eHQ5QAM","2025-08-26 14:10:41","005gL000006eHQ5QAM","2025-08-26 14:10:41","005gL000006eHQ5QAM","csg_scheduler_internal_users","NotStarted","","csg_scheduler_internal_users_Visibility","0"
"4SSgL000003oIY8WAM","0","csg_scheduler_guest","2025-08-26 14:10:41","005gL000006eHQ5QAM","2025-08-26 14:10:41","005gL000006eHQ5QAM","2025-08-26 14:10:41","005gL000006eHQ5QAM","csg_scheduler_guest","NotStarted","","csg_scheduler_guest_Visibility","0"
"4SSgL000003oIYAWA2","0","csg_scheduler_self_manage","2025-08-26 14:10:41","005gL000006eHQ5QAM","2025-08-26 14:10:41","005gL000006eHQ5QAM","2025-08-26 14:10:41","005gL000006eHQ5QAM","csg_scheduler_self_manage","NotStarted","","csg_scheduler_self_manage_Visibility","0"
"4SSgL000003oIYBWA2","0","csg_einstein_bots","2025-08-26 14:10:41","005gL000006eHQ5QAM","2025-08-26 14:10:41","005gL000006eHQ5QAM","2025-08-26 14:10:41","005gL000006eHQ5QAM","csg_einstein_bots","NotStarted","","csg_einstein_bots_Visibility","0"
"4SSgL000003oIYCWA2","0","csg_scheduler_troubleshoot","2025-08-26 14:10:41","005gL000006eHQ5QAM","2025-08-26 14:10:41","005gL000006eHQ5QAM","2025-08-26 14:10:41","005gL000006eHQ5QAM","csg_scheduler_troubleshoot","NotStarted","","csg_scheduler_troubleshoot_Visibility","0"
"4SSgL000003oIYDWA2","0","csg_scheduler_territory_outages","2025-08-26 14:10:41","005gL000006eHQ5QAM","2025-08-26 14:10:41","005gL000006eHQ5QAM","2025-08-26 14:10:41","005gL000006eHQ5QAM","csg_scheduler_territory_outages","NotStarted","","csg_territory_outages_VisibilityRule","0"
"4SSgL000003oIYEWA2","0","multi_factor_authentication","2025-08-26 14:10:41","005gL000006eHQ5QAM","2025-08-26 14:10:41","005gL000006eHQ5QAM","2025-08-26 14:10:41","005gL000006eHQ5QAM","multi_factor_authentication","NotStarted","","mfa_always_show","0"
"4SSgL000003oIYFWA2","0","SetUpCases","2025-08-26 14:10:41","005gL000006eHQ5QAM","2025-08-26 14:10:41","005gL000006eHQ5QAM","2025-08-26 14:10:41","005gL000006eHQ5QAM","SetUpCases","NotStarted","","setupcasesvisibility","0"
"4SSgL000003oIYGWA2","0","csg_sales_leads_opportunities","2025-08-26 14:10:41","005gL000006eHQ5QAM","2025-08-26 14:10:41","005gL000006eHQ5QAM","2025-08-26 14:10:41","005gL000006eHQ5QAM","csg_sales_leads_opportunities","NotStarted","","LeadsOpportunitiesVisibility","0"
"4SSgL000003oIYHWA2","0","ManageSalesData","2025-08-26 14:10:41","005gL000006eHQ5QAM","2025-08-26 14:10:41","005gL000006eHQ5QAM","2025-08-26 14:10:41","005gL000006eHQ5QAM","ManageSalesData","NotStarted","","SalesData","0"
"4SSgL000003oIYIWA2","0","csg_automate_abp","2025-08-26 14:10:41","005gL000006eHQ5QAM","2025-08-26 14:10:41","005gL000006eHQ5QAM","2025-08-26 14:10:41","005gL000006eHQ5QAM","csg_automate_abp","NotStarted","","csg_automate_abp_Visibility","0"
"4SSgL000003oIYJWA2","0","SetUpAccountsContacts","2025-08-26 14:10:41","005gL000006eHQ5QAM","2025-08-26 14:10:41","005gL000006eHQ5QAM","2025-08-26 14:10:41","005gL000006eHQ5QAM","SetUpAccountsContacts","NotStarted","","AccountsContactsVisibility","0"
"4SSgL000003oIYKWA2","0","EmailCalendar","2025-08-26 14:10:41","005gL000006eHQ5QAM","2025-08-26 14:10:41","005gL000006eHQ5QAM","2025-08-26 14:10:41","005gL000006eHQ5QAM","EmailCalendar","NotStarted","","EmailCalendarVisibility","0"
"4SSgL000003oIYLWA2","0","Salesreporting","2025-08-26 14:10:41","005gL000006eHQ5QAM","2025-08-26 14:10:41","005gL000006eHQ5QAM","2025-08-26 14:10:41","005gL000006eHQ5QAM","Salesreporting","NotStarted","","ReportingVisibility","0"
"4SSgL000003oIYMWA2","0","csg_data_abp","2025-08-26 14:10:41","005gL000006eHQ5QAM","2025-08-26 14:10:41","005gL000006eHQ5QAM","2025-08-26 14:10:41","005gL000006eHQ5QAM","csg_data_abp","NotStarted","","csg_data_abp_Visibility","0"
"4SSgL000003oIYNWA2","0","SalesProcess","2025-08-26 14:10:41","005gL000006eHQ5QAM","2025-08-26 14:10:41","005gL000006eHQ5QAM","2025-08-26 14:10:41","005gL000006eHQ5QAM","SalesProcess","NotStarted","","SalesProcessVisibility","0"
"4SSgL000003oIYOWA2","0","csg_accounts_abp","2025-08-26 14:10:41","005gL000006eHQ5QAM","2025-08-26 14:10:41","005gL000006eHQ5QAM","2025-08-26 14:10:41","005gL000006eHQ5QAM","csg_accounts_abp","NotStarted","","csg_accounts_abp_Visibility","0"
"4SSgL000003oIYPWA2","0","csg_custom_abp","2025-08-26 14:10:41","005gL000006eHQ5QAM","2025-08-26 14:10:41","005gL000006eHQ5QAM","2025-08-26 14:10:41","005gL000006eHQ5QAM","csg_custom_abp","NotStarted","","csg_custom_abp_Visibility","0"
"4SSgL000003oIYQWA2","0","csg_setup_service","2025-08-26 14:10:41","005gL000006eHQ5QAM","2025-08-26 14:10:41","005gL000006eHQ5QAM","2025-08-26 14:10:41","005gL000006eHQ5QAM","csg_setup_service","NotStarted","","setup_service","0"
"4SSgL000004193lWAA","0","SetUpAccountsContacts","2025-09-02 05:17:55","005gL000006trBXQAY","2025-09-02 05:17:55","005gL000006trBXQAY","2025-09-02 05:17:55","005gL000006trBXQAY","SetUpAccountsContacts","NotStarted","","AccountsContactsVisibility","0"
"4SSgL000004193mWAA","0","SalesProcess","2025-09-02 05:17:55","005gL000006trBXQAY","2025-09-02 05:17:55","005gL000006trBXQAY","2025-09-02 05:17:55","005gL000006trBXQAY","SalesProcess","NotStarted","","SalesProcessVisibility","0"
